BOLD	Species	Gene	GenBank	seq.text	Nucleotides
BEECC1127-09	Andrena_scurra	COI-5P	NA	AATATTATACTTCATTTTCGCTATATGAGCAGGAATAATCGGAGCCTCCCTAAGATTCATTATTCGTATAGAATTAAGAAACCCTGGTAACTGAATTAATAATGATCAAATCTACAACTCAATTGTAACCTCTCACGCATTTATTATAATCTTCTTCATAGTTATACCATTTATAATCGGAGGTTTCGGAAACTGACTCACACCGTTAATATTAGGAGCGCCCGACATGGCTTTCCCACGAATAAATAATATAAGTTTCTGACTATTACCTCCATCAATTTTAATTATCCTAATAAGAATAATATTAAATTCAGGATCTGGAACAGGATGAACTGTATACCCTCCTCTATCCTCCTATACATATCATCCATCATCATCCGTAGATTTAACAATCTTTTCTCTTCACATCGCAGGTGTATCATCAATTATAGGTGCTATCAACTTTATTGTAACAATCCTTAATATAAAAAATATTTCAATAAATTATGATCAAATACCTCTATTCCCATGATCAGTATTTATTACAACAATTCTTCTTCTAATCTCATTACCAGTATTAGCAGGAGCAATTACAATACTTCTCTCAGATCGAAACTTAAACTCATCATTCTTTGACCCTATAGGAGGAGGAGACCCAATTTTATATCAACATCTATTT	658
GBAHB344-13	Aphidius_ervi	COI-5P	JX507435	AAAGATATTGGAATTTTATATTTTATTTTTGGTATATGATCTGGAGTATTAGGTCTATCTATAAGATTATTAATTCGTATAGAATTAAGAATTACTGGTAGATTAATTGGTAATGATCAAATTTATAATAGTATTGTAACTGCTCATGCTTTTGTAATAATTTTTTTTATGGTTATACCTATTATAATTGGTGGATTTGGTAATTGATTAATTCCTTTAATATTAGGAGCCCCTGATATAGCTTTTCCTCGAATAAATAATATAAGATTTTGATTATTAATTCCATCTTTAATTTTATTATTAGTTAGAGGTTTAATAAATTCAGGTGTTGGTACAGGTTGAACTGTTTATCCCCCTTTATCATTGACTTTAGGACATAGAGGTGTAGCAGTAGATTTTGCTATTTTTTCATTACATTTAGCAGGTATTTCCTCTATTATAGGAGCTATTAATTTTATTAGTACTATTTTTAATATACGATCTTATAATATTAAAATAGATCAAATTTCATTATTAATTTGATCAGTTTTAATTACTGCTATTTTATTACTATTATCATTACCTGTTTTAGCAGGAGCTATTACTATATTATTAACAGATCGTAACTTAAATACTACTTTTTTTGATTTTGCTGGTGGTGGGGATCCAATTTTATATCAACATTTATTTTGATTTTTTGG	680
GBAHB345-13	Aphidius_microlophii	COI-5P	JX507434	AAAGATATTGGAATTTTATATTTTATTTTTGGTATGTGATCTGGAGTATTAGGTTTATCTATAAGATTATTAATTCGTATAGAATTAAGAATTACTGGTAGATTAATTGGTAATGATCAAATTTATAATAGTATTGTAACTGCTCATGCTTTTGTAATAATTTTCTTTATGGTTATACCTATTATAATTGGTGGATTTGGTAATTGATTAATTCCTTTAATATTAGGAGCTCCTGATATAGCTTTTCCTCGAATAAATAATATAAGATTTTGATTATTAATTCCATCTTTAATTTTATTATTAATTAGAGGTTTAATAAATTCAGGTGTTGGTACAGGTTGAACTGTTTATCCTCCTTTATCATTGACTTTAGGACATAGAGGTGTAGCAGTAGATTTTGCTATTTTTTCATTACATTTAGCAGGGATTTCCTCTATCATAGGAGCTATTAATTTTATTAGTACTATTTTTAATATACGATCTTATAATATTAAAATAGATCAAATTTCATTATTAATTTGATCAGTTTTAATTACTGCTATTTTGTTATTATTATCATTACCTGTTTTAGCAGGAGCTATTACTATATTATTAACAGATCGTAATTTAAATACTACTTTTTTTGATTTTGCTGGTGGTGGTGATCCAATTTTATATCAACATTTATTTTGATTTTTTGG	680
GBMNA18966-19	Apis_cerana	COI-5P	AP018149	ATTATAAAATGATTCATATCAACAAATCATAAAAATATTGGAATTTTATATATTTTATTAGCTTTATGATCAGGAATACTAGGTTCAGCAATAAGGTTGATTGTTCGTATAGAATTAAGATCCCCAGGCTCATGAATTAATAATGATCAAATTTATAATACAATTGTTACAAGACATGCATTTTTAATAATTTTTTTTATAGTAATACCATTTTTAATTGGAGGTTTTGGAAATTGATTAATTCCTTTAATATTAGGGTCCCCAGATATAGCATTCCCTCGAATAAATAATATTAGATTCTGACTTCTTCCTCCTTCATTATTTATATTATTATTAAGAAATTTATTTTATCCAAGACCAGGAACTGGGTGAACAGTTTATCCACCATTATCCGCATATTTATATCACTCATCACCTTCGGTTGATTTTGCAATTTTCTCATTACACATATCTGGAATCTCATCAATTATAGGATCATTAAATTTAATAGTTACAATTATAATAATAAAAAATTTTTCATTAAATTATGATCAAATTTCCCTTTTTCCATGATCAGTATTTATTACAGCTATTTTATTAATTATATCTCTTCCAGTTTTAGCTGGAGCAATTACAATATTATTATTTGATCGTAATTTTAATACTTCATTTTTTGATCCTATAGGAGGTGGAGATCCTATTTTATATCAACATTTATTTTGATTTTTTGGTCACCCAGAAGTTTATATTTTAATTCTTCCAGGATTTGGATTAATTTCTCACATTGTAATAAATGAAAGAGGAAAAAAAGAAATTTTTGGAAATCTAGGTATAATTTACGCAATATTAGGTATTGGATTTTTAGGATTTATTGTCTGAGCACATCATATATTTACTGTTGGATTAGATGTTGATACACGAGCTTATTTCACTTCAGCAACAATAATTATTGCTGTTCCAACAGGAATTAAAGTATTTAGATGATTAGCTACATACCACGGTTCAAAATTAAAATTAAATATTTCAGTTTTATGATCTTTAGGTTTTATTATATTATTTACAATTGGTGGATTAACAGGAATTATACTTTCAAATTCATCAATTGATATTATTCTTCATGATACATATTATGTAGTTGGCCACTTCCATTATGTACTATCAATAGGAGCAGTATTTGCAATTATTTCAAGATTCATTCATTGATATCCACTAATTACAGGATTACTTCTAAATGTAAAATGATTAAAAATTCAATTTATTATAATATTTATTGGTGTAAATTTAACATTCTTCCCTCAACATTTTTTAGGATTAATATCTATACCTCGACGATATTCAGATTATCCAGATTCATATTATTGTTGAAATTCAATTTCATCTTTAGGATCAATAATTTCATTAAATAGAATCATCTTTCTAATTTTTATTATTCTAGAAAGATTAATTTCTAAACGAATTATATTATTTAAATTTAATCAATCATCACTTGAATGATTAAATTTTTATCCTCCATTAGATCATTCACATTTAGAAATTCCATTATTAATTAAAAATTTAAATATAAAATCAATTTTAATTAAATTT	1563
GBAH17765-19	Apis_mellifera	COI-5P	MF059100	ATAATAAAGTGATTCATATCAACCAATCATAAAAATATTGGGATCTTGTATATTATTCTAGCTTTATGATCTGGAATACTAGGATCATCAATGAGACTTATTATTCGAATAGAATTAAGATCCCCAGGATCATGAATTAATAATGATCAAATTTATAATACAATTGTTACTAGCCATGCATTTCTAATAATTTTTTTTATAGTTATACCATTTTTAATTGGAGGATTTGGAAATTGGCTTATTCCTTTAATACTAGGATCACCTGATATAGCATTTCCCCGAATAAATAATATTAGATTTTGATTACTTCCTCCCTCATTATTTATACTTTTATTAAGAAATTTATTTTACCCAAGACCAGGAACTGGATGAACAGTATATCCACCATTATCAGCATATTTATATCATTCTTCACCTTCAGTAGATTTTGCAATTTTTTCTCTTCATATATCAGGAATTTCCTCAATTATAGGATCATTAAACTTAATAGTTACAATTATAATAATAAAAAATTTTTCTATAAATTATGACCAAATTTCATTATTTCCATGATCAGTTTTTATTACAGCAATTTTATTAATTATATCACTACCTGTATTAGCTGGAGCAATTACTATACTATTATTTGATCGAAATTTTAATACATCATTTTTCGATCCTATAGGAGGTGGAGATCCAATTTTATATCAACATTTATTTTGATTTTTTGGTCATCCAGAAGTTTATATTTTAATTTTACCTGGATTTGGATTAATCTCTCATATTGTAATAAATGAAAGAGGAAAAAAAGAAATTTTTGGTAATCTAGGAATAATTTATGCAATATTAGGAATTGGATTTCTAGGTTTTATTGTTTGAGCACATCATATATTTACAGTCGGATTAGATGTTGATACTCGAGCATATTTTACTTCAGCAACAATAATTATTGCTGTACCAACAGGAATTAAAGTTTTTAGATGATTAGCAACTTATCATGGTTCAAAATTAAAATTAAATATTTCAATTTTATGATCACTAGGTTTTATTATACTATTTACTATTGGTGGATTAACAGGAATTATATTATCAAATTCTTCTATTGATATTATTCTTCATGATACATATTACGTTGTTGGACATTTTCATTATGTTCTTTCAATAGGAGCAGTATTTGCAATTATTTCAAGATTTATTCATTGATATCCATTAATTACTGGATTATTATTAAATATTAAATGATTAAAAATTCAATTTATTATAATATTTATTGGAGTAAATCTAACTTTCTTTCCTCAACATTTCTTAGGACTAATATCTATACCACGACGTTACTCAGACTATCCAGATTCTTATTACTGTTGAAATTCAATTTCATCTATAGGATCAATAATTTCATTAAACAGAATAATTTTTTTAATTTTTATTATTTTAGAAAGATTAATTTCTAAACGAATATTATTATTTAAATTCAACCAATCATCACTTGAATGATTAAATTTTTTACCACCTTTAGATCATTCACATTTAGAAATTCCATTATTAATTAAAAATTTAAATTTAAAATCAATTTTAATTAAATTTTAATATGGCAGAATAAGTGCATTGAACTTAA	1594
GBAH0892-06	Camponotus_herculeanus	COI-5P	AY280591	------------------------------------------------------------------------------GGATCCTCTATAAGAATGATCATTCGACTAGAATTAGGATCTCCTGATTCATTAATTCTCAAT---GATCAAACTTTTAATACCATCGTTACAAGTCATGCTTTTATTATAATTTTTTTTATAGTTATGCCTTTTATAATTGGGGGATTTGGTAATTTTCTAATCCCACTTATACTAGGATCTCCTGATATGGCTTACCCACGTTTAAATAACATAAGATTTTGATTACTCCCCCCATCAATCTCCTTATTAATCCTAAGAAATTTTATTAATGAAGGATCAGGAACTGGTTGAACTATCTACCCCCCCTTATCATCAAATACCTTCCATAGTGGCCCCTCTATTGACCTAACTATCTTTTCTCTCCATATTGCTGGTATATCCTCAATTATAGGAGCAATCAATTTTATTTCAACAATTATAAATATACATAACTCCAATATTTCCTTGGATAAAATTCCCTTATTAGTATGGTCCATTCTTATTACAGCCATTCTCCTTCTTCTATCCCTACCTGTTCTAGCAGGAGCTATTACAATACTATTAACAGACCGAAATCTTAATACTTCATTTTTCGACCCTTCGGGAGGAGGGGATCCTATTTTATATCAACATTTATTTTGATTTTTTGGTCATCCTGAAGTATATATTTTAATTCTCCCTGGATTTGGTTTAATCTCTCATATTATCATAAATGAAAGGGGAAAAAAAGAAACCTTTGGGGCCCTTGGAATAATTTATGCAATTATTACAATTGGATTTTTAGGATTTATTGTTTGAGCTCACCATATATTCACTATTGGTCTAGATATTGATACTCGAG-----------------------------------------------------------------------------------------------------------------------------------------------------------------------------------------------------------------------------------------------------------------------------------------------------------------------------------------------------------------------------------------------------------------------------------------------------------------------------------------------------------------------------------------------------------------------------------------------------------------------	820
GBAHF5150-19	Camponotus_ligniperda	COI-5P	LT977362	AATTCTATATTTTATCTTTGCTATCTGATCAGGAATAATTGGCTCCTCTATAAGAATAATCATTCGACTAGAATTAGGATCTCCTGATTCATTAATTCTCAATGATCAAACTTTTAATACTATTGTTACAAGTCATGCTTTTATTATAATTTTTTTTATAGTTATACCTTTTATAATTGGAGGATTTGGTAATTTTCTAATTCCACTAATACTAGGATCTCCTGATATAGCTTACCCGCGTTTAAATAACATAAGATTCTGATTACTACCCCCCTCTATCTCCCTATTAATCCTAAGAAATTTTATTAATGAAGGATCGGGAACTGGTTGAACTGTCTATCCCCCTCTATCATCAAACACCTTCCACAGTGGCCCTTCTATTGACATAACTATCTTTTCTCTCCATATTGCGGGTATGTCTTCAATCATAGGGGCAATTAATTTTATCTCAACAATTATAAATATACATAACTCTAATATTTCCTTAGATAAAATTCCCCTATTAGTATGATCCATCCTTATTACAGCTATTCTTCTTCTTCTATCCCTCCCTGTTCTGGCCGGAGCTATTACAATACTACTAACAGACCGAAACCTTAATACTTCATTTTTCGATCCTTCGGGAGGAGGAGATCCTATTTTATACCAACATTTATTT	658
GBMIN74059-17	Cotesia_chilonis	COI-5P	KJ882550	ATATTATATTTTATATTTGGTTTATGATCAGGAATATTAGGTTTTTCAATAAGTTTAATTATTCGTTTAGAATTAGGAATGCCAGGAAGTTTAATTGGTAATGATCAAATTTATAATAGAATTGTAACTTCTCATGCATTTATTATAATTTTTTTTATGGTTATACCAGTAATAATTGGTGGATTTGGAAATTGATTAATTCCTTTAATGTTAGGATCTCCTGATATATCTTTTCCTCGAATAAATAATATAAGTTTTTGATTATTAATTCCTTCTTTATTATTATTAATTTTAAGTAGATTTATTAATGTTGGTGTAGGTACAGGTTGAACAGTTTATCCTCCATTGTCATTAATTTTGGGTCATGGTGGTATATCTGTTGATTTAGGTATTTTTTCTTTACATTTGGCTGGTGCTTCTTCAATTATAGGTGCTGTAAATTTTATTACTACAATTATTAATATACGTTCTAATTTATTTAATATGGATAAAATATCTTTATTTTCTTGATCTGTATTTATTACTGCAATTTTGTTATTATTATCTTTACCTGTTTTAGCTGGTGCTATTACTATATTATTAACTGATCGTAATATAAATACTAGA	606
KINS468-10	Cotesia_flavipes	COI-5P	JF865975	AATATTATATTTTATATTTGGTTTATGATCAGGAATATTAGGATTTTCAATAAGTTTAATTATTCGTTTAGAATTAGGAATACCTGGTAGTTTAATTGGTAATGATCAAATTTATAATAGAATTGTAACTTCACATGCATTTATTATGATTTTTTTTATAGTTATACCAGTGATAATTGGTGGATTTGGAAATTGATTAATTCCTTTAATATTAGGATCTCCTGATATATCTTTTCCTCGAATAAATAATATAAGTTTTTGATTATTAATTCCTTCTTTATTATTATTAATTTTAAGTATATTTATTAATGTTGGTGTAGGTACAGGTTGAACAGTATATCCTCCATTATCATTAATTTTAGGTCATGGTGGTATGTCTGTTGATTTAGGTATTTTTTCTTTACATTTAGCTGGTATTTCTTCAATTATAGGTGCTGTAAATTTTATTACTACAATTATTAATATACGTTCAAATTTATTTAATATAGATAAAATATCTTTATTTTCTTGATCTGTATTTATTACTGCAATTTTATTATTATTATCTTTACCTGTTTTAGCTGGTGCAATTACTATATTATTGACTGATCGTAATATAAATACTAGATTTTTTGATCCATCAGGTGGAGGTGATCCAATTCTTTATCAACATTTATTT	658
KINS460-10	Cotesia_sesamiae	COI-5P	JF865967	AATATTATATTTTATATTTGGTTTATGATCAGGAATATTAGGATTTTCAATAAGTTTAATTATTCGTTTAGAATTAGGGATACCTGGAAGTTTAATTGGTAATGATCAAATTTATAATAGAATTGTAACTTCTCATGCATTTATTATAATTTTTTTTATAGTTATGCCAGTAATAATTGGTGGATTTGGTAATTGATTAATTCCTTTAATATTAGGATCTCCTGATATATCTTTTCCTCGTATAAATAATATAAGTTTTTGATTATTAATTCCTTCTTTATTATTATTAATTTTAAGTAGATTTATTAATATTGGTTTAGGTACAGGTTGAACGGTTTATCCTCCATTATCATTAATTTTAGGTCATGGTGGTATATCTGTTGATTTAGGTATTTTTTCTTTACATTTAGCTGGTGTTTCTTCAATTATAGGTGCTGTAAATTTTATTACTACAATTATTAATATACGTTCTAATTTATTTAATATAGATAAGATATCTTTGTTTTCTTGATCTGTATTTATTACTGCAATTTTATTATTATTATCTTTACCTGTTTTAGCTGGTGCTATTACTATATTATTAACTGATCGTAATTTAAATACTAGATTTTTTGATCCATCAGGTGGAGGTGATCCAATTCTTTATCAACATTTATTT	658
GBMIN77306-17	Diadegma_fenestrale	COI-5P	KY407743	GTTTGTCTTTTTGGTATATGAGCAGGAATAATTGGATCATCAATAAGTTTAATTATTCGAATAGAATTAAGTAGACCAGGTTATTTAATTAATAATGATCAAATTTATAATTCATTTGTAACAGCTCATGCTTTTATTATAATTTTTTTTATAGTAATACCAATTATAATTGGAGGATTTGGAAATTGAATAATTCCTTTAATATTAGGAAGTCCAGATATAGCATTCCCACGAATAAATAATATAAGATTTTGATTATTACCTCCTTCAATTTTATTATTAATTTTTAGATCAATTACTAATCAAGGAGTAGGAACTGGATGAACTGTTTATCCTCCTCTTTCATTAAATGTAAGACATGAAGGAATATCTGTAGATTTAGCAATTTTTTCATTACATCTTGCAGGAATATCATCAATTATAGGAGCAATTAATTTTATTACAACTATTTTTAATATAAAAAATTATAATAAAAATTTTGAACAATTAACTTTATTTACATGATCAATTAATATTACTACAATTTTACTTTTATTAGCTGTTCCAGTATTAGCAGGTGCTATTACAATACTATTAACTGATCGAAATTTAAATACATCTTTTTTTGATCCATCTGGTGGAGGAGACCCAATTTTATATCAACATTTATTCTGATTTTTTGTA	663
GBMTG1648-16	Diadegma_semiclausum	COI-5P	NC_012708	ATTAAAAAATGATTATATTCAACAAATCATAAAGATATTGGAATTTTATATTTTATTTTTGGTATATGAGCTGGTATAATTGGATCATCAATAAGACTAATTATTCGAATAGAATTAAGTAGTCCAGGTTATTTAATTAATAATGACCAAATTTATAATTCATTTGTAACAGCACATGCTTTTATTATAATTTTTTTTATAGTAATACCAATTATAATTGGAGGATTTGGAAATTGAATAATTCCATTAATATTAGGAAGACCAGATATAGCATTTCCACGAATAAATAATATAAGATTTTGATTATTACCACCTTCAATTTTATTACTAATTTTTAGATCAATTACTAATCAAGGAGTAGGAACAGGATGAACTGTTTATCCCCCACTTTCATTAAATATTAGACATGAAGGAATATCTGTAGACTTAGCTATTTTTTCATTACATCTTGCAGGAATATCATCAATTATAGGAGCAATTAATTTTATTACAACTATTTTTAATATAAAAAATTATAATAAAAATTTTGAACAATTAACTTTATTTACTTGATCAATTAATATTACTACAATTTTACTTTTATTAGCTGTTCCAGTACTAGCTGGAGCTATTACAATATTATTAACTGATCGAAATTTAAATACATCTTTTTTTGACCCATCTGGAGGAGGAGATCCTATCTTATACCAACATTTATTCTGATTTTTTGGACATCCTGAAGTTTATATTTTAATTTTACCAGGATTTGGAATAATTTCTCATATAATTTTTAATGAAAGAAGAAAAAAAGAAAGATTTGGCTCAATTGGAATAATTTATGCAATATTAACTATTGGATTTTTAGGATTTATTGTTTGAGCACATCATATATTTACAATTGGTATAGATGTTGACACACGAGCTTATTTTACTTCAGCTACAATAATTATTGCTATTCCAACAGGAATTAAAGTTTTTAGTTGATTAGCAACAATTCATGGATCAAAAATAAACTTTAATTCAACTAAAATTTGAACTTTAGGGTTTATTTTTTTATTTACAATTGGAGGATTAACAGGTGTAATTTTAGCTAATTCATCAATTGATATTATACTTCATGACACTTATTATGTAGTTGCACATTTTCATTATGTATTATCTATAGGAGCTGTATTTGCAATTATAAGAGGTTTTATTTACTGATACCCTTTAATTACTGGATTAAATTTAAATAAAAAATGAATTAAAATTCAATTTTATTCAATATTTTTAGGAGTAAATTTAACTTTTTTTCCCCAACATTTTTTAGGTTTATCAGGAATACCCCGTCGATACTCAGACTATCCTGATTCATATTTAATATGAAATTCTATCTCATCAATAGGATCTTTTATTTCTTTAATTAGAATAATCTATTTTATTTTCTTAATTTGAGAAAGTATAGTTTCTCAACGAATAAATATTTTTTCGTTTTTTATAAGATCTTCAATTGAATGAATACAACATTATCCCCCATTTAATCACAGTTTTAATGAAATTCCATTAATTAAAACAATT	1536
ARTNO115-17	Formica_aquilonia	COI-5P	NA	TATTCTTTACTTCTTATTTGCTATCTGGGCAGGAATAATTGGATCTTCTATAAGTATAATTATTCGTTTAGAATTAAGTTCATCAAATTCATTAATCAACAATGATCAAATTTATAATTCTTTAGTAACTAATCACGCTTTTATCATAATTTTCTTCATAGTAATACCATTTATAATTGGAGGATTTGGAAATTTTCTAATTCCTTTAATACTTGGATCCCCAGACATAGCTTACCCTCGTATAAATAATATAAGATTTTGACTCTTACCCCCTTCTATTACCCTTTTACTTTTAAGAAATTTTATTAATGATGGTACAGGTACAGGATGAACTATTTATCCTCCCTTAGCTTCAAATATTTTTCATAATGGTCCTTCTGTAGACTTAACAATTTTTTCTCTTCATATTGCAGGAATGTCTTCAATTTTAGGAGCAATTAATTTTATTTCGACAATTCTTAATATACATCATAAAAATTTTTCTATTGATAAAATTCCTTTACTTGTATGATCAATTTTAATCACAGCTATCCTACTTCTTTTATCCTTACCTGTTTTAGCAGGAGCTATTACTATACTATTAACTGATCGAAATTTAAATACTTCATTTTTTGATCCTTCAGGAGGAGGTGATCCAATTCTATACCAACATTTATTT	658
ACUFI1302-13	Formica_lugubris	COI-5P	MZ608826	TATTCTTTACTTCTTATTTGCTATCTGGGCAGGAATAATTGGATCTTCTATAAGTATAATTATTCGTTTAGAATTAGGTTCATCAAATTCATTAATCAACAATGATCAAATTTATAATTCTTTAGTAACTAATCACGCTTTTATCATAATTTTCTTCATAGTAATACCATTTATAATTGGAGGATTTGGAAATTTTCTAATTCCTTTAATACTTGGATCCCCAGACATAGCTTACCCTCGTATAAATAATATAAGATTTTGACTCTTACCCCCTTCTATTACCCTTTTACTTTTAAGAAATTTTATTAATGATGGTACAGGTACAGGATGAACTATTTATCCTCCCTTAGCTTCAAATGTTTTTCATAATGGTCCTTCTGTAGACTTAACAATTTTTTCTCTTCATATTGCAGGAATGTCTTCAATTTTAGGAGCAATTAATTTTATTTCGACAATTCTTAATATACATCATAAAAATTTTTCTATTGATAAAATTCCTTTACTTGTATGATCAATTTTAATCACAGCTATCCTACTTCTTTTATCCTTACCTGTTTTAGCAGGAGCTATTACTATACTATTAACTGATCGAAATTTAAATACTTCATTTTTTGATCCTTCAGGAGGAGGTGATCCAATTCTATACCAACATTTATTT	658
FRMAA142-20	Formica_paralugubris	COI-5P	NA	--GATATTGGTATTCTTTACTTCTTATTTGCTATCTGGGCAGGAATAATTGGATCTTCTATAAGTATAATTATTCGTTTAGAATTAGGTTCATCAAATTCATTAATCAACAATGATCAAATTTATAATTCTTTAGTAACTAATCACGCTTTTATCATAATTTTCTTCATAGTAATACCATTTATAATTGGAGGATTTGGAAATTTTCTAATTCCTTTAATACTTGGATCCCCAGACATAGCTTACCCTCGTATAAATAATATAAGATTTTGACTCTTACCCCCTTCTATTACCCTTTTACTTTTAAGAAATTTTATTAATGATGGTACAGGTACAGGATGAACTATTTATCCTCCCTTAGCTTCAAATGTTTTTCATAATGGTCCTTCTGTAGACTTAACAATTTTTTCTCTTCATATTGCAGGAATGTCTTCAATTTTAGGAGCAATTAATTTTATTTCGACAATTCTTAATATACATCATAAAAATTTTTCTATTGATAAAATTCCTTTACTTGTATGATCAATTTTAATCACAGCTATCCTACTTCTTTTATCCTTACCTGTTTTAGCAGGAGCTATTACTATACTATTAACTGATCGAAATTTAAATACTTCATTTTTTGAT	624
GBMIN75603-17	Formica_polyctena	COI-5P	KX665101	TATTCTTTACTTCTTATTTGCTATCTGGGCAGGAATAATTGGATCTTCTATAAGTATAATTATTCGTTTAGAATTAGGTTCATCAAATTCATTAATCAACAATGATCAAATTTATAATTCTTTAGTAACTAATCACGCTTTTATCATAATTTTCTTCATAGTAATACCATTTATAATTGGAGGATTTGGAAATTTTCTAATTCCTTTAATACTTGGATCCCCAGACATAGCTTACCCTCGTATAAATAATATAAGATTTTGACTCTTACCCCCTTCTATTACCCTTTTACTTTTAAGAAATTTTATTAATGATGGTACAGGTACAGGATGAACTATTTATCCTCCCTTAGCTTCAAATGTTTTTCATAATGGTCCTTCTGTAGACTTAACAATTTTTTCTCTTCATATTGCAGGAATGTCTTCAATTTTAGGAGCAATTAATTTTATTTCGACAATTCTTAATATACATCATAAAAATTTTTCTATTGATAAAATTCCTTTACTTGTATGATCAATTTTAATCACAGCTATCCTACTTCTTTTATCCTTACCTGTTTTAGCAGGAGCTATTACTATACTATTAACTGATCGAAATTTAAATACTTCATTTTTTGATCCTTCAGGAGGAGGTGATCCAATTCTATACCAACATTTATTT	658
GBAH0108-06	Formica_pratensis	COI-5P	AB103363	---------------------------------------------------------------------------------------------------------------------------------------------------------------------------------------------------------------------------------------AATTTTCTAATTCCTTTAATACTTGGATCCCCAGACATAGCTTACCCTCGTATAAATAATATAAGATTTTGACTCTTACCCCCTTTTATTACCCTTTTACTTTTAAGAAATTTTATTAATGATGGAACAGGTACAGGATGAACTATTTATCCTCCCTTAGCTTCAAATGTTTTTCATAATGGTCCTTCTGTAGACTTAACAATTTTTTCTCTTCATATTGCAGGAATATCTTCAATTTTAGGAGCAATTAATTTTATTTCAACAATTCTTAATATACATCATAAAAATTTTTCTATTGATAAAATTCCTTTACTTGTATGATCAATTTTAATCACAGCTATCCTACTTCTTTTATCCTTACCTGTTTTAGCAGGAGCTATTACTATACTATTAACTGATCGAAATTTAAATACTTCATTTTTTGATCCTTCAGGAGGAGGTGACCCAATTCTATACCAACATTTATTTTGATTTTTTGGACATCCAGAAGTTTATATTTTAATTTTACCAGGATTTGGACTTATTTCCCATATTATTATAAATGAAAGAGGTAAAAAAGAAACTTTTGGAGCCTTAGGAATAATTTATGCTCTTATAGCAATCGGATTTTTAGGATTTATTGTTTGAGCTCATCATATATTTACAATTGGTTTAGATGTTGATACACGAG-----------------------------------------------------------------------------------------------------------------------------------------------------------------------------------------------------------------------------------------------------------------------------------------------------------------------------------------------------------------------------------------------------------------------------------------------------------------------------------------------------------------------------------------------------------------------------------------------------------------------	670
ACUFI1287-13	Formica_pressilabris	COI-5P	MZ607473	TATTCTTTACTTCTTATTTGCTATTTGAGCAGGAATAATTGGATCTTCAATAAGTATAATTATTCGTTTAGAATTAGGATCATCAAATTCATTAATTAATAATGATCAAATTTATAATTCTTTAGTCACTAATCATGCTTTTATTATAATTTTTTTCATAGTAATACCATTTATAATTGGTGGATTTGGAAATTTTCTAATTCCCTTAATATTAGGATCACCAGACATAGCTTACCCTCGTATAAATAATATAAGATTTTGACTCTTACCCCCTTCTATTACTCTTTTACTTTTAAGAAATTTTATTAATGATGGCACAGGTACAGGATGAACTATTTACCCACCCTTATCTTCAAATATTTTTCATAACGGCCCTTCTGTAGACTTAACAATTTTTTCTCTTCATATTGCAGGTATATCCTCAATTTTAGGAGCAATTAATTTTATTTCAACAATTCTTAATATACACCATAAAAATTTTTCTATTGATAAAATTCCTTTACTTGTATGATCAATTTTAATCACAGCTATCTTACTTCTACTATCCTTACCTGTTTTAGCAGGAGCCATTACTATATTATTAACTGACCGAAATTTAAATACTTCATTTTTTGATCCCTCAGGGGGAGGTGACCCAATTCTTTACCAACATTTATTT	658
BBFEC102-10	Formica_rufa	COI-5P	HM413715	TATTCTTTACTTCTTATTTGCTATTTGAGCAGGAATAATTGGATCTTCTATAAGTATAATTATTCGTTTAGAATTAGGTTCATCTAATTCATTAATCAACAATGATCAAATTTATAATTCTTTAGTAACTAATCATGCTTTTATCATAATTTTCTTTATAGTAATACCATTTATAATTGGTGGATTTGGAAATTTTCTAATTCCTTTAATACTAGGATCCCCAGACATAGCTTACCCTCGTATAAATAATATAAGATTTTGACTCTTACCCCCTTCTATTACTCTTTTACTTCTAAGAAATTTTATTAATGATGGCACAGGTACAGGATGAACTATTTATCCCCCCTTAGCCTCAAATATTTTTCATAATGGCCCTTCTGTAGACTTAACAATTTTTTCTCTTCATATTGCAGGAATATCTTCAATTTTAGGAGCAATTAATTTTATTTCAACAATTCTTAATATACATCATAAAAATTTTTCTATTGATAAAATTCCTTTACTTGTATGATCAATTTTAATCACAGCTATTTTACTTCTATTATCCTTACCTGTTTTAGCTGGAGCTATTACTATACTATTAACTGATCGAAATTTAAATACTTCATTTTTTGATCCTTCAGGAGGAGGTGACCCAATTCTATACCAACATTTATTT	658
GBMNA48568-19	Lasius_claviger	COI-5P	MN123638	AAAGATATTGGAATTCTTTATTTTTTATTTGCCATTTGAGCCGGAATAATTGGCTCATCTATAAGAATAATTATTCGATTAGAATTAGGTTCTTCTAATTCATTAATTAACAATGATCAAATCTATAATTCTATAGTTACAAGACATGCATTCATTATAATTTTTTTTATAGTTATACCTTTTATAATTGGGGGATTTGGTAATTTTCTTGTACCTTTAATGTTAGGATCGCCTGATATAGCCTACCCTCGCATAAATAATATAAGATTCTGACTCTTACCTCCTTCAATCTCTCTACTCCTCTTAAGAAATTTTATTAATGACGGAGTTGGAACAGGATGAACCATTTACCCCCCATTAGCTTCAAATATTTTTCATAATGGCCCCTCAGTTGATTTAACTATTTTTTCTCTACATATTGCTGGGATATCTTCTATTTTAGGGGCTATTAATTTTATCTCAACCATTATAAATATACATCATAAAAATTTTTCTGTCGATAAAATACCCTTACTTGTATGATCGATTTTAATCACTGCGATTTTACTTCTTCTATCTCTTCCCGTTCTTGCAGGAGCTATCACCATACTTTTAACTGATCGTAATCTTAATACTTCTTTTTTTGACCCTTCAGGAGGGGGAGACCCTATTTTATATCAACATCTTTTTT	670
GBAH4502-09	Lasius_emarginatus	COI-5P	AB371011	------------------------------------------------------------------------------------------------------------------------------------------------------------------------------------------------------------------------------------------------------------------------------------------------------------------------------------------------------------------------------------------------------------------------------------------------------ACTATTTTTTCTCTTCATATTGCTGGTATATCTTCTATTCTAGGAGCTATCAATTTTATTTCAACTATTATAAATATACATCATAAAAATTTTTCTATTGATAAAATTCCCTTACTTGTATGATCAATTTTAATCACTGCAATTTTATTACTTTTATCCCTCCCAGTTCTCGCAGGA---GCTATCACTATACTTCTAACTGACCGTAACCTTAATACTTCATTTTTTGACCCATCTGGTGGTGGAGATCCTATTTTATATCAACATCTCTTCTGATTTTTTGGACACCCTGAAGTTTATATTTTAATCCTCCCTGGATTTGGACTAATTTCCCATATTATTATAAATGAAAGAGGAAAAAAA---GAAACATTTGGATCTTTAGGAATAATTTATGCTTTAATAGCAATTGGATTTTTAGGATTTGTTGTATGAGCTCACCATATATTTACTATTGGTTTAGATGTCGACACTCGAGCATATTTCACCTCTGCAACTATAATTATTGCTATTCCAACTGGAATCAAAATTTTTAGGTGAATTACT---ACCCTCCATGGTACA---AAAATCAATAATAATTCTTCCTTATGATGAGCAATAGGATTTATCTTCTTATTCACCATAGGAGGTTTAACAGGAGTAATACTTTCAAATTCATCAATTGATATTATTCTCCATGACACTTATTACGTAGTTGCTCACTTTCATTATGTA---TTATCAATAGGAGCAGTATTTGCTATTATTGCCAGATTTATTCACTGATTTCCCTTAATAACTGGTTTCTCTTTAAATAATTTCTTCCTAAATATTCAATTTATTTGTATATTCCTTGGAGTCAATTTAACATTTTTTCCTCAACATTTCTTAGGCTTAAGAGG----------------------------------------------------------------------------------------------------------------------------------------------------------------------------------	869
GBAH4485-09	Lasius_latipes	COI-5P	AB433922	------------------------------------------------------------------------------------------------------------------------------------------------------------------------------------------------------------------------------------------------------------------------------------------------------------------------------------------------------------------------------------------------------------------------------------------------------ACTATTTTTTCTCTTCATATTGCAGGGATATCTTCTATTTTAGGAGCTATTAATTTTATTTCAACCATCATAAATATACATCATAAAAATTTTTCTATCGACAAAATACCCTTACTTGTATGGTCAATTTTAATCACTGCAATTTTGCTACTTTTATCTCTTCCCGTTCTTGCAGGA---GCTATCACTATACTTTTGACTGACCGAAATCTTAATACTTCATTTTTTGACCCCTCAGGAGGTGGGGACCCTATTTTATACCAACATCTTTTTTGATTTTTTGGTCACCCTGAAGTTTATATTTTAATCCTACCCGGATTTGGATTAATTTCTCATATTATTATAAATGAAAGAGGAAAAAAA---GAAACATTCGGATCCTTAGGAATAATTTATGCACTTATAGCAATTGGATTTTTAGGATTTGTTGTTTGAGCCCACCATATATTTACTATTGGGTTAGATGTTGATACTCGAGCATATTTTACTTCTGCAACTATAATTATTGCTATCCCAACAGGAATTAAAATTTTTAGATGAATTACC---ACTCTTCATGGAACA---AAAATCAATAATAATTCTTCTTTATGATGAACAATAGGATTCATTTTTCTATTCACTATAGGAGGACTTACAGGAGTTATACTTTCTAATTCATCAATTGACATTATTCTTCATGATACCTATTATGTAGTTGCTCATTTTCATTATGTA---TTATCAATAGGAGCAGTATTTGCTATTATTGCTAGATTTATCCATTGATTCCCTTTAATAACTGGCTTTTCTTTAAATAATTTTTTTCTAAATATTCAATTCATCTGTATATTTATTGGAGTAAATTTAACATTTTTT------------------------------------------------------------------------------------------------------------------------------------------------------------------------------------------------------------	843
GBAHF5253-19	Lasius_meridionalis	COI-5P	LT977477	AATTCTTTATTTTTTATTTGCTATTTGAGCCGGAATAATTGGTTCATCTATAAGAATAATTATTCGATTAGAATTGGGATCTTCTAATTCATTAATTAATAATGATCAAATTTATAACTCTATAGTTACAAGACATGCATTCATTATAATTTTTTTTATAGTTATACCTTTTATAATCGGTGGATTTGGAAACTTTCTTGTACCCTTAATATTAGGATCACCTGATATAGCCTATCCTCGTATAAATAATATAAGATTCTGACTCTTACCTCCTTCAATTTCTCTTCTTCTATTAAGAAATTTCATTAATGATGGAACTGGAACAGGATGAACTATTTATCCTCCATTAGCTTCAAATATTTTTCATAATGGCCCCTCAATTGATTTAACTATTTTTTCCCTTCATATTGCTGGAATATCTTCTATTTTAGGAGCTATTAATTTTATCTCAACCATTATAAATATACATCATAAAAATTTTTCCATTGACAAAATACCTTTACTTGTATGATCAATTTTAATTACTGCAATTTTATTACTTTTATCTCTTCCAGTTCTTGCTGGAGCTATTACAATACTTCTAACTGACCGTAACCTTAATACTTCATTTTTTGACCCATCAGGAGGAGGAGATCCTATTTTATATCAACATCTTTTC	658
GBAH4494-09	Lasius_niger	COI-5P	AB371019	------------------------------------------------------------------------------------------------------------------------------------------------------------------------------------------------------------------------------------------------------------------------------------------------------------------------------------------------------------------------------------------------------------------------------------------------------ACTATTTTTTCTCTTCATATTGCTGGAATATCTTCTATTCTAGGAGCTATCAATTTTATTTCAACTATTATAAATATACATCATAAAAATTTTTCTATCGATAAAATTCCCTTACTTGTATGATCAATTTTAATCACTGCAATTTTATTACTTTTATCCCTCCCAGTTCTTGCAGGA---GCTATCACTATACTTCTAACTGACCGTAACCTTAATACTTCATTTTTTGACCCATCTGGTGGTGGTGATCCTATTTTATACCAACATCTCTTCTGATTTTTTGGCCACCCTGAAGTTTATATCTTAATTCTCCCTGGATTTGGGCTAATTTCCCATATTATTATAAATGAAAGAGGAAAAAAA---GAAACATTTGGATCTTTAGGAATAATTTATGCTTTAATAGCAATTGGATTTTTAGGATTTGTTGTATGAGCTCATCATATATTTACTATTGGTTTAGACGTTGATACTCGAGCATATTTCACCTCTGCAACTATAATTATTGCTATTCCAACTGGAATCAAAATTTTTAGATGAATTACT---ACTCTTCATGGTACA---AAAATCAATAATAATTCTTCCTTATGATGAGCAATAGGATTTATCTTCTTATTCACCATAGGAGGTTTAACAGGAGTGATACTTTCAAATTCATCAATTGATATTATTCTCCATGACACTTATTACGTAGTTGCTCACTTTCATTACGTA---TTATCAATAGGAGCAGTATTTGCTATTATTGCTAGATTTATTCACTGATTTCCCTTAATAACTGGTTTCTCTTTAAATAATTTCTTCTTAAATATTCAATTTATTTGTATATTCCTTGGAGTCAATTTAACATTTTTTCCTCAACATTTTTTAGGTTTAAGAGG----------------------------------------------------------------------------------------------------------------------------------------------------------------------------------	869
GBAH4493-09	Lasius_platythorax	COI-5P	AB371020	------------------------------------------------------------------------------------------------------------------------------------------------------------------------------------------------------------------------------------------------------------------------------------------------------------------------------------------------------------------------------------------------------------------------------------------------------ACTATTTTTTCTCTTCATATTGCTGGTATATCCTCTATTCTAGGAGCTATCAATTTTATTTCAACTATTATAAATATACATCATAAAAATTTTTCTATCGATAAAATTCCCTTACTTGTATGATCAATTTTAATCACTGCAATTTTATTACTTTTATCACTTCCAGTTCTTGCAGGA---GCTATCACTATACTTCTAACTGACCGTAACCTTAATACTTCATTTTTTGACCCATCTGGTGGTGGTGATCCTATTTTATATCAACATCTCTTCTGATTTTTTGGACACCCTGAAGTTTATATCTTAATTCTTCCTGGATTTGGACTAATTTCCCATATTATTATAAATGAAAGAGGAAAAAAA---GAAACATTTGGGTCTTTAGGAATAATTTATGCTTTAATAGCAATTGGATTTTTAGGATTTGTTGTATGAGCTCACCATATATTTACTATTGGTTTAGATGTTGATACTCGAGCATATTTCACCTCTGCAACTATAATTATTGCTATTCCAACTGGAATCAAAATTTTTAGATGAATTACT---ACTCTTCATGGTACA---AAAATCAATAATAATTCTTCCTTATGATGAGCAATAGGATTTATCTTCTTATTCACCATAGGAGGTTTAACAGGAGTAATACTTTCAAATTCATCAATTGATATTATCCTCCATGACACTTATTACGTAGTTGCTCACTTTCATTATGTA---TTATCAATAGGAGCAGTATTTGCTATTATTGCTAGATTTATTCACTGATTCCCCTTAATAACTGGTTTCTCCTTAAATAATTTCTTCTTAAATATTCAATTTATTTGTATATTCCTTGGAGTCAATTTAACATTTTTTCCTCAACATTTTTTAGGTTTAAGAGG----------------------------------------------------------------------------------------------------------------------------------------------------------------------------------	869
GBAHF1475-19	Lasius_psammophilus	COI-5P	KC820358	AACTATTTTTTCTCTTCATATTGCTGGTATATCTTCTATTCTAGGAGCTATCAATTTTATTTCAACTATTATAAATATACATCATAAAAATTTTTCTATTGATAAAATTCCCTTACTTGTATGATCAATTTTAATCACTGCAATTTTATTACTATTATCCCTTCCAGTTCTTGCAGGAGCAATTACTATACTTCTAACTGACCGTAACCTTAATACTTCATTTTTTGACCCATCTGGTGGCGGAGATCCTATTTTATATCAACATCTCTTCTGATTTTTTGGACACCCTGAAGTTTATATTTTAATTCTCCCTGGATTTGGATTAATTTCTCATATTATTATAAATGAAAGAGGAAAAAAAGAAACATTTGGATCTTTAGGAATAATTTATGCTCTAATAGCAATTGGATTTTTAGGATTTGTTGTATGAGCTCACCATATATTTACTATTGGTTTAGATGTCGATACTCGAGCTTATTTCACCTCTGCAACTATAATTATTGCTATTCCAACTGGAATCAAAATTTTTAGATGAATTACTACTCTCCATGGTACAAAAATCAATAATAATTCTTCCTTATGATGAGCAATAGGATTTATCTTCTTATTCACCATAGGAGGTTTAACAGGAGTAATACTTTCAAATTCATCAATTGATATTATT	664
GBAH4523-09	Lasius_umbratus	COI-5P	AB370989	------------------------------------------------------------------------------------------------------------------------------------------------------------------------------------------------------------------------------------------------------------------------------------------------------------------------------------------------------------------------------------------------------------------------------------------------------ACTATTTTTTCCCTTCATATCGCTGGGATCTCCTCTATTTTAGGAGCTATTAATTTTATTTCAACCATTATAAATATACACCATAAAAATTTTTCTATCGATAAAATACCTTTACTTGTATGATCAATTTTAATTACTGCAATTTTATTACTTTTATCTCTCCCAGTTCTTGCAGGA---GCTATTACAATACTTCTAACTGATCGTAATCTTAATACTTCATTCTTTGATCCATCAGGTGGGGGAGACCCTATTTTATATCAACATCTTTTCTGATTTTTCGGACATCCAGAAGTTTATATTTTAATTCTTCCCGGATTTGGATTAATTTCCCATATCATTATAAATGAAAGTGGAAAAAAA---GAAACATTTGGATCTTTAGGAATAATTTATGCCCTTATAGCAATTGGATTTTTAGGATTTGTTGTTTGAGCTCATCATATATTTACTATTGGCCTAGATGTCGATACTCGTGCTTATTTTACTTCAGCAACTATAATTATTGCCATTCCAACAGGAATTAAAATTTTTAGATGAATTACT---ACCCTTCATGGAACA---AAAATCAATAATAATTCTTCTTTATGATGAACAATAGGATTTATTTTTCTATTCACTATAGGAGGTCTTACAGGAGTAATACTTTCTAACTCATCAATTGATATCATTCTTCATGATACCTATTACGTAGTTGCTCATTTTCATTATGTA---TTATCAATAGGAGCAGTATTTGCTATTATTGCTAGATTTATCCATTGATTTCCTTTAATAACTGGTTTCTCTTTAAACAATTTTTTTCTAAATATTCAATTTATTTGTATGTTCACAGGAGTAAATTTAACATTTTTTCCTCAACATTTTTTAGGCTTAAGAGG----------------------------------------------------------------------------------------------------------------------------------------------------------------------------------	869
GBAH5552-09	Messor_minor	COI-5P	EU441239	---------------------------------------------------------------------------------------------------------------------------TGTAATTCATTAATTAATAAT---GATCAAATTTATAATACTTTAGTGACAAGACATGCTTTTATTATAATTTTTTTTATAGTTATACCTTTTATAATTGGTGGTTTTGGTAACTTTTTAGTCCCTTTAATA---CTTGGATCTCCCGACATAGCTTACCCCCGTATAAATAATATAAGATTTTGACTCCTTCCCCCTTCTCTCTCCCTTCTTATTATAAGAAGATTTATTAATAGAGGGGTAGGAACAGGATGAACTATCTATCCACCTTTAGCTTCTAACATCTTTCATTCCGGTCCATCAGTTGATTTATCT---ATTTTTTCATTACACATTGCAGGTATATCATCAATTTTAGGAGCTATTAATTTTATTTCAACTATTTTAAATATACATCATATTAACTTAACTATAGAAAAAATTCCCTTATTAGTTTGATCTATTTTAATCACTGCTATCTTACTTTTATTATCTTTACCTGTTCTTGCAGGA---GCAATTACAATATTATTAACAGATCGAAACTTAAATACTTCTTTTTTTGATCCATCAGGAGGAGGAGACCCTATCTTATATCAACATTTATTTTGATTTTTTGGCCATCCTGAAGTATATATTTTAATTCTCCCAGGATTTGGACTAATTTCCCATATTATTATAAATGAAAGAGGTAAAAAA---GAAACCTTTGGATCTTTGGGAATAATTTATGCTATAATTGCAATTGGATTTTTAGGATTTATTGTTTGAGCTCATCATATATTTACTATTGGATTAGATGTAGATACACGCGCATATTTTACCTCCGCAACTATAATTATTGCTATTCCCACAGGAATTAAAATTTTTAGTTGAATTTCT---ACTCTTCATGGTATT---AAAATTAATTATAATCCATCCCTTTGATGAGCTATAGGATTTATTTTTTTATTTACTATAGGAGGATTAACTGGTATTATATTATCAAATTCTTCAATTGATATTATTCTTCATGATACATACTATGTTGTTGCTCATTTTCATTATGTT---CTATCCATAGGAGCTGTATTTGCAATTATTGCTAGATTTATTCATTGATTTCCCTTAATTACAGGATTTACCTTAAATCCTTTTTATTTAAATATTCAATTTATTTCTATATTTATTGGAGTTAATCTCACCTTTTTTCCCCAACATTTTTTAGGATTAAGAGGAATACCTCGA---CGATATTCAGACTATCCAGAT------------------------------------------------------------------------------------------------------------------------------------------------	1206
GBMIN26857-13	Myrmecia_pilosula	COI-5P	JF690120	AATCTTATACTTCCTATTTGCCCTTTGAGCTGGTATAATTGGATCATCTATAAGATTTTTAATTCGATTAGAATTAAGAACCTGTAACTCTTTAATCAATAACGATCAAATTTATAACTCTCTTGTCACAAGACATGCTTTTATTATAATTTTCTTTATAGTTATACCATTTATAATTGGGGGATTTGGTAACTTCCTAGTTCCTTTAATACTTGGGGCCCCAGACATAGCTTACCCTCGTATAAATAATATAAGATTTTGACTTTTGCCCCCATCTATTACTCTCCTTAACTTAAGAAACTTTATTAATAATGGGGCAGGAACAGGATGAACAGTATACCCTCCACTATCTTCAAACATTTTTCACAGAGGACCTTCCGTTGATTTGGCAATTTTTTCCCTACATATTGCTGGTATATCCTCAATTCTTGGGGCAATTAATTTTATCTCTACAATTTTAAATATATTCAATAAAAATTTTTCTATAGAAAAAATCCCTTTATTAGTTTGATCTATTTTAATTACTGCAATCTTATTATTATTATCACTACCAGTACTAGCGGGAGCTATCACTATACTTTTAACTGATCGAAATTTAAATACTTCTTTTTTTGATCCATCTGGTGGAGGAGATCCTATTCTTTACCAACACTTATTT	658
GBMNA9984-19	Myrmica_scabrinodis	COI-5P	LN607806	ATGAATAAATGATTATATTCAACTAATCATAAAGACATTGGAATTTTATATTTTATTTTTGCTATTTGAGCAGGAATAATTGGATCTTCAATAAGAATAATTATTCGTTTAGAATTAGGATCTTGTAATTCATTAATTAATAATGATCAAATTTATAACACTTTAGTAACTAGCCATGCATTTATTATAATTTTTTTTATAGTTATACCTTTCATGATCGGGGGCTTTGGAAATTTTTTAGTTCCCTTAATGCTCGGATCACCTGACATAGCCTATCCTCGTATAAATAATATAAGATTTTGACTACTTCCTCCTTCAATTATATTATTAATATTAAGAAATTTTTTAAGGAATGGTGTAGGAACAGGATGAACAATTTACCCCCCATTAGCTTCTAATATTTTTCATAGAGGTCCTTCAGTTGATATATCAATCTTTTCCTTACATATGGCAGGGATATCTTCAATTCTTGGGGCAATCAATTTTATCTCTACAATTATTAATATACACCATAAATCAATTTCAATGGATAAAACTCCTCTAATAGTATGATCAATTATAATTACAGCTATTCTTCTTCTTTTATCCCTTCCTGTTTTAGCAGGAGCAATTACTATATTACTTACAGATCGAAATTTAAATACTTCATTTTTTGATCCTTCAGGAGGAGGGGACCCAATTTTATATCAACATTTATTTTGATTTTTTGGACATCCTGAGGTCTATATTTTAATTTTACCCGGATTCGGATTAATTTCTCATATTATTATAAGTGAAAGAGGTAAAAAAGAGACATTTGGATCTCTTGGTATAATTTATGCCATAATTGCAATTGGATTTTTAGGATTTATTGTCTGAGCTCATCATATATTTACTATTGGTTTAGATGTAGACACTCGGGCTTATTTTACTTCAGCAACTATAATTATTGCCATCCCCACAGGTATTAAAATTTTTAGTTGAATTTCTACACTTCATGGAATAAAAATTAACTATAATCCTACTCTATGATGAGCTATAGGATTTATTTTTTTATTTACATTAGGGGGTCTTACCGGTATTATTTTATCCAATTCTTCAATTGATATTATTTTACATGATACATATTATGTTGTAGCTCATTTTCATTATGTTTTATCAATAGGAGCAGTATTTGCTATTATTGCTGGCTTTATTCACTGATTTCCTTTGATTTCAGGTTACAGACTAAATACATTCTATTTAAATATTCAATTTTTTTCTATATTCATTGGGGTAAATATAACATTCTTTCCCCAACATTTTTTAGGATTAAGAGGTATACCTCGTCGATACTCAGATTATCCAGATACTTTTTTAAGATGAAATATTATTTCATCCATTGGATCTTTAATCTCAATATTAAGATTAACAATTTTAATATTTACTATTTGAGAAGCTCTTTCTTCAAAGCGTAAAATTATTAATATATTCTTTACAAATGCTTCCTTAGAATGGCAAAATATATATCCTCCAATAAATCATAGATATAATGAAAGACCTTCAATT	1527
GBAH6387-10	Myrmica_vandeli	COI-5P	GQ255194	------------------------------------------------------------------------------------TCTTCAATAAGAATAATTATTCGATTAGAATTGGGGTCTTGTAATTCATTAATTAATAAT---GATCAAATTTATAACACTTTAGTAACTAGCCATGCTTTTATTATAATTTTTTTTATAGTTATACCTTTCATGATTGGGGGCTTTGGAAATTTTTTAGTTCCCTTAATA---CTCGGATCACCCGATATAGCCTATCCTCGTATAAATAATATAAGATTTTGACTACTTCCCCCATCAATTATATTATTAATATTAAGAAATTTTTTAAGGAATGGCGTAGGAACAGGATGAACAATTTATCCCCCATTAGCTTCTAATATTTTTCATAGAGGTCCTTCAGTAGATATATCA---ATCTTTTCCTTACATATAGCAGGGATATCTTCAATTCTTGGGGCAATCAATTTTATCTCAACAATTATTAATATACACCATAAATCAATTTCAATGGATAAGACTCCTTTAATAGTATGATCAATTATAATTACAGCTATTCTTCTTCTTTTATCCCTTCCTGTTTTAGCAGGA---GCAATTACTATATTACTTACAGATCGAAATTTAAATACTTCATTTTTTGATCCTTCAGGAGGAGGAGACCCAATTTTATATCAACATTTATTTTGATTTTTTGGACATCCTGAAGTCTATATTTTAATTTTACCTGGATTCGGATTAATTTCTCATATTATTATACATGAAAGAGGTAAAAAA---GAAACATTTGGATCTCTTGGTATAATTTATGCTATAATTGCAATTGGATTTTTAGGATTTATTGTCTGAGCTCATCATATATTTACTATTGGATTAGATGTAGATACTCGGGCTTATTTTACTTCAGCAACTATAATTATTGCCATCCCCACAGGTATTAAAATTTTTAGTTGAATTTCT---ACCCTTCATGGAA--------------------------------------------------------------------------------------------------------------------------------------------------------------------------------------------------------------------------------------------------------------------------------------------------------------------------------------------------------------------------------------------------------------------------------------------------------------------------------------------------------------------	898
GBAH4755-09	Nasonia_giraulti	COI-5P	EU746611	AAAATATGATTTTTTTCTACTAATCATAAGTTTATTGGAATTTTATATTTTATTTTTGGAATATGATCGGGAATTTTAGGTTTATCTATA---AGGATAATTATTCGTATAGAATTAGGAAATCCAGGATCTTTAATTGGTAAT---GATCAAATTTATAATTCAATTGTTACTACTCATGCTTTTACTATAATTTTTTTTTTTGTTATACCTGTAATAATAGGAGGATTTGGAAATTATTTAGTTCCA---ATAATTTTAGGAGCACCAGATATAGCATTCCCTCGTATAAATAATATAAGTTTTTGACTATTACCACCTAGGTTAATTTTATTAATTTCTAGTATATTTATTGGAACAGGGACTGGTACAGGATGAACAGTATATCCCCCTTTATCATCAAATTTATCTCATAGTGGGCCTTCAGTAGATTTATCT---ATTTTTTCATTACATATTGCTGGGGCTTCATCAATTATAGGAAGAATTAACTTTATTACTACTGTTTTAAATATAAAAATTTACAAAATT------GAAAATATTCCTTTATTAGCTTGATCAATATTATTAACTGCAATTTTATTATTATTATCATTACCAGTATTAGCTGGT---GCCATTACTATGTTATTATTTGATCGTAATTTAAATACTTCATTTTTTGACCCAGCCGGTGGAGGGGATCCAATTCTTTATCAACATTTATTTTGATTTTTTGGACATCCAGAAGTATATATTTTAATTTTACCAGGGTTTGGTTTAATTTCTCATATAATTAGAAATGAAAGGATAAAAAAA---GAAACATTTGGTGCAATAGGAATAATTTATGCTATAATTTCTATTGGATTATTAGGATTTATTGTTTGAGCTCATCATATATTTACTGTTGGTATGGATGTTGATACTCGAGCTTATTTTACTTCGGCTACTATAATTATTGCTGTTCCTACAGGTATTAAAATTTTTAGATGATTA---GCTTCAATAAATGGTATA---AAGATTAAAATAAATGTTACTAATTTATGATTATTAGGGTTTATTTTTTTATTTACAGTAGGGGGATTAACTGGAATTATTTTATCTAATTCATCTATTGATATTATTTTACATGATACTTATTATGTAGTTGCTCATTTTCATTATGTA---TTATCTATAGGAGCTGTTTTTGCAATTTTTGGAAGATTTATTTATTGATACCCTATAATATTTGGTATAACAATAAATCAAAAATGATTGAAAATTCAATTTATTATAATATTTTTAGGGGTTAATTTAACTTTTTTTCCTCAACATTTTTTAGGAATAAGGGGAATACCTCGT---CGATACTCAGATTATCCAGATTCATATCTT---TGTTGAAATATTATTTCTTCAATGGGAAGATTAATCTCTATATTTAGAACTATATATTTTTTTTTTATTTTATGAGAAAGAATTATTTCTCAACGTATTATT---ATTTTTATAAAAAATATTAAT---AAT	1455
GBAH4754-09	Nasonia_longicornis	COI-5P	EU746612	AAAATATGATTTTTTTCAACTAATCATAAATTTATTGGAATTTTATATTTTATTTTTGGAATATGATCTGGAATTTTAGGCTTATCTATG---AGAATAATTATTCGTATAGAATTAGGAAATCCTGGCTCTTTAATTGGAAAC---GATCAAATCTATAATTCAATTGTTACTACTCATGCATTTACTATAATTTTTTTTTTTGTTATACCTGTAATAATAGGAGGGTTTGGAAACTATTTAGTTCCG---ATAATTTTAGGAGCTCCAGATATAGCATTTCCACGAATAAATAATATAAGATTTTGATTGTTACCTCCTAGATTAATTTTATTAATTTCTAGAATATTTATTGGTACTGGAACTGGAACAGGATGAACTGTTTATCCCCCTTTATCTTCAAACATATCTCATAGAGGACCTTCAGTAGATTTATCT---ATTTTTTCTTTACATATTGCTGGAGCTTCCTCTATTATAGGAAGTATTAACTTTATTACTACTGTTTTAAATATAAAAATTTTTAAAATT------GAAAATATTCCTTTATTAGCTTGATCAATATTATTAACTGCAATTTTATTATTATTATCTTTACCAGTTTTAGCAGGA---GCTATTACTATACTTTTATTTGATCGTAATTTAAATACATCATTTTTTGATCCTGCAGGAGGGGGAGATCCAATTCTTTATCAACATTTATTTTGATTTTTTGGACATCCTGAAGTTTATATTTTAATTTTACCAGGGTTTGGTTTAATTTCTCATATAATTAGTAATGAAAGAATAAAAAAA---GAAACTTTTGGAGCAATAGGAATAATTTATGCAATAATTTCAATTGGATTATTAGGATTTATTGTTTGAGCTCACCATATATTTACTGTTGGAATAGATGTAGATACACGAGCTTATTTTACTTCAGCTACAATAATTATTGCTGTTCCTACAGGAATTAAAATTTTTAGATGATTA---GCTTCTATAAATGGAATA---AAAATTAAAATAAATGTTACTAATTTATGATTACTAGGATTTATTTTTTTATTTACTGTAGGAGGATTAACAGGTATTATTTTATCTAATTCATCTATTGATATTATTCTTCACGATACTTATTATGTAGTTGCTCATTTTCATTATGTA---TTATCTATAGGAGCAGTGTTTGCAATTTTTGGTAGATTTATTTATTGATATCCTATAATATTTGGAATTACTATAAATCAAAAATGATTAAAAATTCAATTTATTATAATATTTTTAGGGGTTAATTTAACTTTTTTTCCTCAGCATTTTCTTGGAATAAGGGGCATACCTCGT---CGATACTCAGATTATCCAGATTCATATCTT---TGTTGAAATATTATTTCTTCTATAGGAAGATTAATTTCTATATTTAGAACAATATATTTTTTTTTTATTTTATGGGAAAGAATTGTTTCTCAACGTATTATT---ATTTTTATAAAAAATATAAAT---AAC	1455
GBAH4757-09	Nasonia_vitripennis	COI-5P	EU746609	AAAATATGATTTTTTTCTACTAATCATAAATTTATTGGAATTTTATACTTTATTTTTGGAATATGATCAGGAGTATTAGGGCTATCTATA---AGAATAATTATTCGAATAGAGTTAGGTAATCCTGGGTCTTTAATTGGTAAT---GATCAAATTTATAATTCTATTGTTACTACTCATGCATTTACTATGATTTTCTTTTTTGTTATACCAGTAATAATAGGAGGATTTGGTAATTATTTAGTCCCA---ATAATTTTGGGGGCTCCTGATATAGCTTTTCCTCGAATAAATAATATGAGATTTTGACTATTACCTCCTAGATTAATTTTATTAATTTCAAGTATATTTGTTGGGTCTGGGACTGGTACGGGTTGGACTGTTTACCCGCCCTTATCATCTAATTTATCTCATAGAGGTCCATCTGTGGATTTATCT---ATTTTTTCTCTTCATATTGCTGGTATTTCTTCAATTATAGGAAGAATTAATTTTATTACTACAGTAATAAATATGAAAATTTATAAAATT------GAAAATATTCCCTTACTTGCCTGATCTATGTTATTAACTGCAATTTTATTATTATTATCTTTACCAGTTTTAGCGGGA---GCTATTACTATATTATTATTTGATCGTAATTTAAATACTTCATTTTTTGATCCTGCTGGAGGGGGGGATCCTGTTCTTTATCAGCATTTATTTTGATTTTTTGGACATCCGGAAGTCTATATTTTAATTTTACCTGGATTTGGACTAATTTCTCATATAATTAGAAATGAAAGAATAAAAAAA---GAAACTTTTGGTGCAATGGGAATAATTTATGCTATAATTTCTATTGGGCTATTAGGATTTATTGTTTGGGCTCATCATATATTTACTGTAGGAATAGATGTGGATACTCGTGCTTATTTTACTTCAGCAACAATAATTATTGCTGTTCCCACAGGAATTAAAATTTTTAGATGATTA---GCATCTATAAATGGTATA---AAAATTAAATTTAATGTTACTAATATATGGTTATTAGGATTTATTTTTTTATTTACTGTAGGTGGTTTAACAGGGATTATTTTATCAAATTCATCAATTGATATTATCCTACATGATACTTATTATGTAGTTGCTCATTTTCACTATGTT---TTATCTATAGGTGCTGTATTTGCAATTTTTGGGAGATTTATTTATTGGTATCCTATAATATTTGGATTATCAATAAATCAAAAATGATTAAAAATTCAATTTATTATAATATTTTTAGGAGTTAATATAACATTTTTTCCACAACATTTTTTAGGAATAAGAGGAATACCTCGT---CGATATTCTGATTATCCTGATTCATATATT---TGTTGAAATATTATTTCTTCAATAGGAAGATTAATCTCTATATTTAGAACAATATATTTTTTTTTTATTTTATGAGAAAGAATTATTTCTCAACGGATTATT---ATTTTTATAAAAAATATAAAT---AAT	1455
GBAHF4264-19	Pogonomyrmex_barbatus	COI-5P	KT006507	AATTCTATATTTTCTATTTGCTATTTGATCTGGAATAATTGGATCATCAATAAGAATAATTATTCGACTTGAACTCGGTTCATGTAATAGTTTAATTAACAATGATCAAATTTACAACTCAATAGTAACAAGACATGCCTTCGTTATAATCTTTTTTATGGTTATACCCTTTATAATTGGTGGATTCGGTAATTTTCTTGTTCCATTAATACTCGGAACACCTGATATAGCATTCCCACGAATAAATAATATAAGATTTTGACTCCTCCCTCCATCAATCTCCTTATTAATTCTAAGAAACTTTATTGGAGGCGGTGTTGGGACTGGATGAACCATTTATCCTCCTCTTGCTTCAAATATTTTCCATAGAGGTCCCTCAGTTGATATATCTATTTTCTCATTACATATTGCTGGTATATCATCAATTCTTGGAGCTATTAATTTTATTACTACAATTTTAAACATACATCACATAAACTTTACTATAGATAAAATTCCTCTCTTAGTATGATCTATCCTCATTACAGCAGTACTTTTATTATTGTCTCTCCCAGTTCTCGCCGGAGCAATTACTATACTATTAACTGATCGAAACTTAAATACCACTTTTTTTGATCCAGGGGGAGGGGGAGACCCTATTTTATACCAACATTTATTTTGATTTTTTGGCCATCCCGAAGTTTATATTCTTATTTTACCTGGATTTGGACTAATTTCACATATTATTATAAATGAAAGAGGAAAAAAAGAAACTTTTGGTTCATTAGGTATAATTTATGCAATAATTGCTATTGGATTCCTAGGTTTTATTGTATGGGCTCACCATATATTTACAATCGGATTAGATGTAGATACTCGAGCCTACTTCACCTCAGCTACAATAATCATTGCAATCCCAACTGGAATTAAAATTTTTAGATGAATTTCTACACTTCATGGAATAAAAATTAATTATAATCCTACTCTTTGATGATCAATAGGATTTATTTTCCTTTTCACAATAGGGGGCCTTACTGGTATTATACTATCAAATTCATCTATTGATATTATTCTT	1054
GBAH6605-10	Pogonomyrmex_maricopa	COI-5P	FJ824447	------------------------------------------------------------------------------------------------ATAATCATTCGTCTTGAACTCGGTTCATGTAATAGCCTAATTAATAAT---GAACAGATTTACAATTCCATAGTAACAAGACATGCCTTTATTATAATTTTTTTTATAGTTATACCCTTTATAATTGGGGGGTTTGGAAATTTTCTCGTCCCACTAATA---CTTGGAACGCCTGATATAGCATTCCCTCGAATAAATAATATAAGATTTTGGCTTCTCCCACCATCAATCTCCTTATTAATTCTAAGAAACTTTATTGGTATGGGAGTTGGGACTGGTTGAACTATCTATCCTCCTCTTGCCTCAAATATTTTTCATAGAGGCCCTTCAGTAGATATATCT---ATTTTCTCTTTACATATTGCCGGTATGTCATCAATTCTTGGAGCAATTAATTTCATTACAACAATCTTAAATATACATCACACAAATTTTACTATAGATAAAATTCCTCTTTTAGTATGATCTATTCTAATTACTGCTGTACTTCTATTACTATCTCTCCCTGTACTTGCTGGA---GCAATCACTATATTATTGACAGACCGAAACTTAAATACTACATTTTTTGATCCAAGAGGAGGAGGAGATCCAATTTTATATCAACATTTATTTTGATTTTTTGGACACCCCGAAGTTTATATTCTCATTCTACCCGGATTTGGATTAATTTCACACATTATTATAAATGAAAGAGGAAAAAAA---GAAACCTTTGGTTCCTTAGGTATAATTTATGCTATAATTGCAATTGGATTTCTAGGCTTTATTGTTTGAGCTCACCATATATTTACAATTGGATTAGATGTAGATACTCGAGCTTATTTCACTTCAGCTACAATAATTATTGCAATTCCAACTGGTATTAAAATCTTTAGATGAATTTCT---ACACTTCACGGTA--------------------------------------------------------------------------------------------------------------------------------------------------------------------------------------------------------------------------------------------------------------------------------------------------------------------------------------------------------------------------------------------------------------------------------------------------------------------------------------------------------------------	886
GBMIN76488-17	Pogonomyrmex_occidentalis	COI-5P	KU318780	TCATCCATAAGAATAATTATTCGACTTGAACTTGGTTCATGTAATAGTCTAATTAATAATGACCAGATCTACAATTCAATAGTTACAAGACATGCCTTCATTATAATTTTTTTCATAGTTATACCTTTTATGATTGGAGGATTCGGAAATTTCCTAGTTCCATTAATACTTGGAACCCCTGATATAGCTTTTCCTCGGATAAATAATATAAGATTTTGACTCCTGCCCCCATCAATTTCCTTATTAATTTTAAGAAATTTTATTGGAAGAGGGGTTGGAACTGGTTGAACTATTTATCCTCCTCTGGCTTCAAACATCTTTCATAGGGGCCCTTCAATTGATATATCTATTTTCTCTTTACACATTGCAGGAATATCATCAATTCTTGGAGCTATTAATTTCATTACAACAATTTTAAATATACACCATACAAATTTTACTATAGATAAAATTCCTCTACTAGTATGATCTATTCTTATTACCGCAGTACTCTTATTACTATCCCTGCCTGTTCTTGCCGGAGCAATTACTATACTATTAACTGACCGAAATCTAAATACCACATTTTTTGACCCAAGGGGAGGGGGAGATCCTATTTTATATCAACACTTATTTTGATTCTTTGGCCATCCTGAAGTTTATATTCTTATTCTTCCTGGTTTTGGGTTAATTTCACATATTATTATAAACGAGAGGGGGAAAAAAGAAACTTTTGGTTCTTTAGGAATAATTTATGCTATAATTGCAATTGGATTTTTAGGTTTTATTGTTTGAGCCCATCATATATTCACAATTGGGTTAGATGTAGATACTCGAGCTTATTTTACCTCAGCCACAATAATTATTGCAATTCCAACAGGTATTAAAATCTTCAGATGAATTTCTACACTTCATGGTATAAAAATCAACTACAATCCTACACTTTGATGATCTATAGGTTTTATTTTTCTTTTCACTATAGGAGGGCTTACAGGAATTATACTATCAAATTCATCTATTGATATTATTCTTCATGACAC	1019
GBAHF4345-19	Pogonomyrmex_rugosus	COI-5P	KT006488	GATTCTATACTTTCTATTTGCTATTTGATCTGGTATGATTGGATCATCAATAAGAATAATTATTCGACTTGAACTTGGTTCATGTAATAGCTTAATTAATAACGAGCAAATTTACAACTCAATAGTAACAAGACATGCATTCATTATAATTTTTTTTATGGTTATACCTTTTATAATTGGTGGGTTTGGTAATTTTCTTGTCCCATTAATACTTGGAACACCTGATATAGCATTCCCTCGAATAAATAATATAAGATTTTGACTTCTACCTCCATCAATCTCCTTATTAATTTTAAGAAACTTCATTGGAAGAGGTGTTGGGACTGGTTGAACTATTTACCCCCCTCTTGCTTCAAACATTTTTCACAGAGGTCCTTCAATTGATATATCTATTTTCTCGTTACATATTGCTGGTATATCATCAATTCTTGGGGCTATTAATTTTATTACTACAATTTTAAATATACATCATATAAACTTTACTATAGATAAAATCCCTCTCTTAGTATGATCTATCCTTATTACAGCTGTTCTTTTATTACTGTCTCTCCCAGTCCTTGCTGGGGCAATTACTATACTATTAACCGATCGAAACTTAAATACCACTTTTTTTGATCCAAGTGGAGGAGGGGATCCTATTTTATATCAACATTTATTTTGATTTTTTGGTCATCCCGAAGTTTATATTCTTATTTTACCTGGATTTGGATTAATTTCACACATTATTATAAATGAAAGAGGAAAAAAAGAGACTTTTGGTTCATTAGGTATAATTTACGCAATAATTGCAATTGGATTTTTAGGTTTTATTGTATGAGCCCACCATATATTTACAATTGGATTAGATGTAGACACTCGAGCTTACTTCACCTCAGCAACAATAATTATTGCAATCCCAACTGGAATTAAAATTTTTAGATGAATTTCTACACTTCATGGAATAAAAATTAATTACAACCCCACACTTTGATGATCAATAGGATTTATTTTCCTTTTTACAATAGGAGGGCTAACTGGTATTATATTATCAAATTCATCTATTGATATTATTCTT	1054
GBMNA9986-19	Solenopsis_geminata	COI-5P	HQ215537	ATGAACAAATGATTTTTTTCAACTAATCACAAAGATATTGGAATTTTATATTTTATTCTTGCAATTTGAGCGGGAATAATTGGTTCTTCAATAAGAATAATCATTCGATTAGAACTAGGATCCTGTAATTCTCTAATTAATAATGATCAAATTTATAACTCCTTAGTTACCAGACATGCTTTTATTATAATTTTTTTCATAGTTATACCTTTTATAATTGGGGGATTTGGAAATTTTTTAGTTCCCCTAATATTAGGGTCCCCAGATATAGCCTACCCCCGAATAAATAACATAAGGTTCTGACTCTTACCCCCCTCTCTAACCCTTTTAATTATTAGAAGATTTATTAATAGGGGGGTAGGTACAGGATGAACTATCTATCCACCCCTAGCATCTAATATTTTTCATAGAGGAGCCTCCATTGACCTCTCAATTTTTTCTCTTCATATTGCCGGAATATCATCAATTCTTGGCGCCATTAACTTTATCTCCACTATTATTAACATACACCATAAAAATTTTACTATAGATAAAATTCCCCTTTTAGTCTGATCTATCCTTATCACCGCTGTTCTACTTCTTCTTTCCCTACCCGTTCTTGCCGGAGCTATTACCATACTACTAACTGACCGTAATTTAAATACTTCTTTCTTTGACCCATCGGGGGGCGGTGATCCAATCCTATACCAACATTTATTTTGATTTTTCGGACATCCCGAAGTTTATATTCTTATCCTACCCGGATTTGGATTAATCTCCCATATTATTATAAATGAAAGAGGAAAAAAAGAAACTTTTGGGTCCCTGGGAATAATTTATGCTATAATCGCTATTGGATTTTTAGGATTTATTGTTTGAGCTCACCACATATTTACTATTGGAATAGATGTAGACACACGAGCATACTTCACTTCAGCAACTATAATTATTGCCATTCCTACAGGAATTAAAATCTTTAGATGAATTTCTACCCTTCATGGAATAAAAATTAACTATAATCCCACACTTTGATGATCTATAGGATTTATTTTTTTATTCACTATAGGCGGCTTAACAGGAATTATATTATCAAACTCATCAATCGATATTATTCTCCACGACACTTATTACGTTGTTGCTCACTTTCATTATGTGCTTTCTATAGGAGCCGTATTTGCCATTATTGCTAGATTTATTCACTGATTCCCCCTAATTTCAGGATATTCAATAAATAACTTCTATCTAAATATTCAATTTCTATCTATATTTATTGGTGTAAACTTAACATTTTTTCCCCAACATTTTTTAGGACTCAGAGGTATGCCTCGACGATATTCAGATTATCCCGATACATTCCTCAGATGAAATATTATTTCATCAATCGGATCGTTAATTTCTATTATAAGACTTACAATTATAATATTTATTATTTGAGAGGCCCTATCCTCTAAACGAAAAATTATTAATATATTTTTTTTAAACTCCTCCCTAGAATGACAAAACTCTTACCCGCCTCTTAATCACAGTTATAATGAAATCCCATCAATTT	1528
GBMIN10137-12	Solenopsis_invicta	COI-5P	HQ215540	ATGAATAAATGACTTTTTTCAACAAATCACAAAGACATTGGAATTTTATATTTTATTCTTGCAATTTGAGCGGGAATAATTGGATCATCTATAAGAATAATCATTCGACTAGAACTGGGATCTTGTAATTCTCTAATTAATAATGATCAAATCTATAATTCTTTAGTTACTAGACACGCTTTTATTATAATTTTTTTTATAGTTATACCCTTCATAATTGGAGGATTTGGAAATTTCTTAGTGCCCCTAATACTTGGATCCCCTGATATAGCTTATCCCCGAATAAATAATATAAGATTTTGACTCCTACCACCTTCTCTAACTCTTTTACTTATTAGAAGATTTATTAATAGAGGAGTGGGAACAGGATGAACTATTTATCCACCTTTAGCCTCCAACATTTTTCACAGAGGAGCCTCTATCGATCTATCTATTTTTTCCTTACATATCGCTGGAATATCATCAATTTTAGGGGCTATTAATTTTATTTCTACAATCATTAACATACACCATAAAAATTTTACTATAGATAAAATTCCCCTCCTAGTTTGATCTATTCTTATTACAGCTATTCTTCTTTTACTTTCTCTCCCAGTTCTTGCAGGAGCTATTACAATATTATTAACTGACCGTAATTTAAATACCTCATTCTTTGATCCCTCGGGAGGGGGAGATCCCATTCTATACCAACATTTATTCTGATTTTTTGGACACCCTGAAGTTTACATTTTAATCCTACCCGGATTTGGTTTAATCTCCCATATTATTATAAATGAAAGAGGAAAAAAAGAAACTTTTGGATCTTTAGGTATAATTTATGCCATAATCGCTATCGGATTTTTAGGTTTTATTGTTTGGGCCCACCACATATTTACTATTGGCCTTGACGTTGATACACGTGCCTACTTTACTTCAGCAACTATAATTATTGCTATTCCCACTGGAATTAAAATCTTTAGATGAATTTCCACCCTCCACGGAATAAAAATTAATTATAACCCCACACTCTGATGATCCATAGGTTTTATTTTCCTATTCACTATAGGAGGATTAACCGGAATTATACTTTCTAACTCATCTATTGATATTATTCTTCATGATACTTATTACGTTGTAGCCCATTTTCATTATGTTTTATCTATGGGGGCAGTATTTGCTATTATCGCTAGATTTATTCACTGATTTCCATTAATCTCAGGATACTCAATAAATAATTTTTATCTAAATATCCAATTTTTATCTATATTCATTGGGGTAAATATAACATTTTTCCCCCAACATTTCCTCGGACTTAGAGGCATACCTCGACGATATTCAGATTACCCAGATACATTTTTAGGATGAAATATTATCTCATCAATTGGATCTCTAATCTCTATTTTAAGACTCACAATTATAATATTTATTATTTGAGAAGCACTTTCTTCCAAACGAAAAATTATTAATATATTTTTTTTAAATTCTTCCTTAGAATGACAAAATTTCTACCCTCCCTTAAATCATAGATATAATGAAATTCCATCAATTT	1528
GBMNA9987-19	Solenopsis_richteri	COI-5P	HQ215539	ATGAATAAATGACTTTTTTCAACAAATCACAAAGACATTGGAATTTTATATTTTATCCTTGCAATTTGAGCAGGAATAATTGGATCATCTATAAGAATAATCATCCGATTAGAACTGGGATCTTGTAATTCTCTAATTAATAATGATCAAATCTACAACTCCTTAGTTACTAGACACGCTTTTATTATAATTTTTTTTATAGTTATACCCTTCATAATTGGGGGATTTGGAAATTTCTTAGTGCCCTTAATACTCGGGTCCCCCGATATGGCCTATCCTCGAATAAATAATATAAGATTTTGACTTCTACCACCTTCTCTAACTCTTTTACTTATCAGAAGATTTATTAACAGGGGAGTGGGGACAGGATGAACTATCTATCCTCCATTAGCCTCCAATATTTTTCACAGAGGAGCCTCTATTGATCTGTCTATTTTTTCCCTACATATTGCCGGAATATCTTCAATTTTAGGGGCTATTAATTTTATTTCTACAATCATTAACATACACCATAAAAATTTTACTATAGATAAAATCCCACTACTAGTTTGATCTATCCTTATTACAGCCATTCTTCTTTTACTTTCCCTCCCAGTTCTTGCAGGAGCTATTACAATATTACTAACTGACCGTAATTTAAATACCTCCTTTTTCGATCCCTCGGGAGGGGGGGATCCCATTCTATATCAACATTTATTCTGATTTTTTGGACATCCTGAAGTTTACATTTTAATCCTCCCTGGATTTGGACTAATCTCTCATATTATTATAAATGAAAGGGGAAAAAAAGAAACTTTCGGATCTTTGGGCATAATTTATGCTATAATCGCTATCGGATTTTTAGGTTTTATTGTTTGAGCTCACCACATATTTACTATCGGCCTTGACGTTGATACACGAGCCTACTTTACCTCAGCAACTATAATTATTGCCATTCCCACAGGAATTAAAATCTTTAGGTGAATTTCCACCCTCCACGGAATAAAAATTAATTATAACCCCACACTCTGATGATCAATAGGTTTCATTTTCCTATTCACTATAGGGGGATTAACAGGAATTATACTTTCTAACTCATCTATTGATATTATTCTTCATGATACTTACTACGTTGTAGCCCATTTTCACTATGTTTTATCTATGGGAGCGGTATTCGCTATTATTGCCAGATTTATTCATTGATTCCCATTAATCTCAGGATATTCAATAAATAATTTTTATTTAAATATTCAATTCTTATCTATATTCATTGGAGTAAATATAACATTTTTCCCCCAACATTTCCTCGGACTTAGGGGTATACCTCGACGATATTCGGATTACCCAGATACATTTTTAGGATGAAATATTATCTCATCAATTGGATCTCTAATCTCTATTTTAAGACTCACAATTATAATATTTATTATCTGAGAGGCACTTTCTTCCAAACGAAAAATTATTAATATATTCTTTTTAAATTCTTCTTTAGAATGACAAAACTTCTACCCTCCCCTTAATCACAGATATAATGAAATTCCATCAATTT	1528
GBMIN16090-13	Solenopsis_xyloni	COI-5P	JQ742640	AATTTTATATTTTATTCTTGCAATTTGAGCAGGAATAATCGGATCATCTATAAGAATAATTGTTCGATTAGAACTAGGATCCTGCAACTCATTAATTAACAATGATCAAATTTACAACTCCTTAGTTACTAGACATGCATTTATTATAATTTTTTTTATAGTTATACCTTTCATAATTGGGGGATTTGGAAATTTTCTAGTTCCCTTAATACTCGGATCTCCAGACATAGCCTATCCTCGTATAAATAATATAAGGTTCTGACTCCTACCGCCCTCCCTAACTCTTTTAATTATTAGAAGATTTATTAACAGAGGGGTAGGTACGGGCTGAACTATTTACCCACCCTTAGCCTCTAATATTTTTCATAGGGGAGCCTCCATTGATCTATCAATCTTTTCTCTACATATTGCTGGAATATCATCGATTCTAGGAGCTATTAACTTTATCTCCACTATTATTAATATACATCACAAAAATTTTACTATAGATAAAATCCCCCTTTTAGTTTGATCAATCCTCATTACTGCTATCCTTCTTCTTCTATCCCTCCCTGTTCTTGCAGGAGCTATTACAATACTACTAACTGATCGTAATTTAAATACCTCTTTCTTCGACCCGTCGGGAGGGGGAGATCCTATCTTATATCAACACCTATTC	658
GBMIN76616-17	Temnothorax_crasecundus	COI-5P	KU845461	CATCTGAGCCGGAATAATCGGATCTTCTATAAGAATAATTATTCGCCTTGAATTAGGTTCTTGTAATCCCCTTATTAACAATGATCAAATCTATAACTCCCTAGTAACTGGTCATGCTTTTATTATAATCTTTTTTATAGTTATACCTTTTATAATCGGAGGGTTTGGAAATTTTTTAGTGCCCCTAATGCTAGGATCTCCAGATATAGCCTATCCTCGCATAAATAATATAAGTTTCTGACTCTTACCCCCCTCAATTTTATTATTAACTCTAGGTAATTTTATTAATAACGGAGTAGGAACAGGATGAACAATTTACCCTCCTTTAGCATCAAATATTTTTCATAGAGGCTCTTCTGTAGACCTATCAATTTTTTCCCTTCATATTGCAGGCATATCCTCAATTCTTGGTGCAATCAACTTTATTTCTACTATTTTAAATATACATCATAAAAATTTTACTATAGATAAAATTCCCCTTCTAGTTTGAGCTATTTTAATTACCGCTATTTTACTTCTTCTAGCCTTACCCGTATTAGCAGGAGCAATTACCATATTATTAACAGACCGTAACCTAAATACATCTTTTTTCGACCCTTCTGGAGGAGGAGACCCCATTCTTTACCAACATTTATTTTGATTTTTTGGTCAC	652
GBMIN76622-17	Temnothorax_crassispinus	COI-5P	KU845465	CATCTGAGCCGGAATAATCGGATCTTCTATAAGAATAATTATTCGCCTTGAATTAGGTTCTTGTAATCCCCTTATTAACAATGATCAAATCTATAACTCCCTAGTAACCGGTCATGCTTTTATTATAATCTTTTTTATAGTTATACCTTTTATAATTGGAGGATTTGGAAATTTTTTAGTGCCCCTAATATTAGGATCTCCAGATATAGCCTATCCTCGCATAAATAATATAAGTTTTTGACTCTTACCCCCCTCAATTTTATTATTAACTCTAAGTAATTTTATTAATAATGGAGTAGGAACAGGATGAACAATTTACCCTCCCTTAGCATCAAATATTTTTCATAGAGGCTCTTCTGTAGACCTATCAATTTTTTCCCTTCATATTGCAGGTATATCCTCAATTCTTGGTGCAATCAACTTTATTTCTACTATTTTAAATATACATCATAAAAATTTTACTATAGATAAAATTCCCCTTCTAGTTTGAGCTATTTTAATTACCGCTATTTTACTTCTTCTAGCCTTACCCGTATTAGCAGGAGCAATTACTATATTATTAACAGACCGTAACCTAAATACATCTTTTTTCGACCCTTCTGGAGGAGGAGACCCCATTCTTTACCAACATTTATTTTGATTTTTTGGTCAC	652
FRMAA081-20	Temnothorax_nigriceps	COI-5P	NA	AAGATATTGGAATTCTTTATTTTATCTTTGCAATTTGAGCAGGAATAATTGGATCTTCTATAAGAATAATTATCCGATTAGAACTTAGTTCCTGTGGTTCCTTTATTAATAATGATCAAATTTATAATTCCTTAGTTACAGGCCATGCTTTTGTAATAATTTTTTTTATAGTTATACCCTTTATAATCGGAGGATTCGGAAATTTTTTAGTTCCCCTCATACTAGGATCCCCCGATATAGCCTACCCCCGTATAAATAACATAAGATTCTGACTTCTACCCCCTTCAATTTTATTATTAACTCTAAGTAATTTTATTAACACAGGGGTAGGAACAGGATGAACAGTCTACCCCCCTCTTGCATCAAATATTTTCCATAGGGGTCCTTCCGTAGATCTCGCAATCTTCTCCCTTCACATTGCTGGTATATCCTCAATTCTCGGGGCTATTAATTTTATCTCTACTATTTTAAACATACATCATAAAAATTTTACCTTAGATAAAATTCCTCTTCTAGTCTGATCTATTTTAATTACTGCTATCTTACTCCTATTGGCCCTACCTGTCC-TGCAGGAGCAATTACTATATTATTGACAGATCGAAATTTAAATACATCTTTTTTTGAC	625
GBAHF2455-19	Temnothorax_nylanderi	COI-5P	FJ853633	TTGGTGCAATCAACTTTATTTCTACTATATTAAATATACATCATAAAAATTTTACTATAGATAAAAATCCCCTTCTAGTTTGGGCTATCTTAATTACCGCTATTTTACTTCTTCTAGCCTTACCCGTGTTAGCAGGAGCAATTACTATATTATTAACAGATCGTAACCTAAATACATCTTTTTTCGACCCTTCTGGAGGAGGAGACCCCATTCTTTACCAACATTTATTTTGATTCTTTGGACACCCCGAAGTTTATATTTTAATCCTCCCAGGTTTCGGTTTAATTTCTCATATTATCATAAATGAAAGAGGGAAAAAAGAAACCTTTGGATCTCTAGGAATAATTTATGCCATAGTAGCAATTGGATTCTTAGGATTCATTGTGTGAGCTCATCATATATTTACTATTGGTCTTGATGTAGATACTCGCGCTTATTTCACCTCAGCCACAATAATTATTGCTATCCCTACAGGAATTAAAATTTTTAGATGAATCTCAACCTTGCATGGTATAAAAATTAACTATAATCCTACCTTATGATGATCAATAGGATTCATTTTTTTATTTACTATAGGAGGTCTTACAGGAATTATATTATCAAATTCTTCTATTGACATTATCTTACATGATACATATTATGTAGTTGCCCACTTTCATTATGTTCTATCTATGGGAGCTGTCTTTGCTATCATTGCTAGATTTATTCACTGATTCCCTCTAATCTCTGGATTTACCCTAAATAACTTTTACCTTA	756
ACUFI1237-13	Temnothorax_tuberum	COI-5P	MZ610742	AATTCTTTATTTTATCTTTGCTATTTGAGCTGGAATAATTGGATCTTCTATAAGAATAATCATTCGTTTAGAACTTAGTTCCTGTGACTCTTTTATTAATAATGATCAAATTTATAATTCCTTAGTTACAGGACATGCTTTTGTAATAATTTTTTTCATAGTTATACCCTTTATAATTGGAGGATTCGGAAATTTTTTAGTTCCTCTAATACTAGGATCACCAGATATAGCCTATCCTCGTATAAATAATATAAGATTTTGACTTCTCCCCCCCTCAATTTTATTATTAACCCTAAGCAATTTTATTAATACAGGAGTAGGAACAGGATGAACCGTTTACCCCCCTCTTGCATCAAATATTTTTCATAGCGGTCCTTCTGTAGATCTTGCAATCTTTTCCCTTCATATCGCCGGTATATCTTCAATTCTTGGCGCTATTAATTTTATTTCTACTATTCTAAATATACATCATAAAAATTTTACTTTAGATAAAATTCCCCTTCTAGTTTGATCTATTTTAATTACTGCTATTTTACTTCTTTTAGCCCTTCCTGTACTTGCAGGAGCAATTACTATATTATTAACAGATCGAAATTTAAATACATCTTTTTTTGACCCCTCAGGAGGAGGAGACCCTATCCTTTATCAACACTTATTT	658
ANFMB076-16	Temnothorax_unifasciatus	COI-5P	MH138477	AATTCTTTATTTTATCTTTGCTATTTGAGCTGGAATAATTGGATCTTCTATAAGAATAATCATTCGTTTAGAACTTAGTTCCTGTAACTCTTTTATTAATAATGATCAAATTTATAATTCCTTAGTTACAGGACATGCTTTTGTAATAATTTTTTTCATAGTTATACCCTTTATAATTGGAGGATTCGGAAATTTTTTAGTTCCCCTAATACTAGGATCACCAGATATAGCCTATCCTCGTATAAATAATATAAGATTTTGACTTCTCCCCCCCTCAATTTTATTATTAACCCTAAGCAATTTTATTAATACAGGGGTAGGAACAGGATGAACCGTTTACCCCCCTCTTGCATCAAATATTTTTCATAGCGGTCCTTCTGTAGATCTTGCAATCTTTTCCCTTCATATCGCCGGTATATCTTCAATTCTTGGCGCTATTAATTTTATTTCTACTATTCTAAATATACATCATAAAAATTTTACTTTAGATAAAATTCCCCTTCTAGTTTGATCTATTTTAATTACTGCTATTTTACTTCTTTTAGCCCTTCCTGTACTTGCAGGAGCAATTACTATATTATTAACAGATCGAAATTTAAATACATCTTTTTTTGACCCCTCGGGAGGGGGAGACCCTATCCTTTATCAACACTTATTT	658
GBMNE902-21	Tetragonula_carbonaria	COI-5P	MT636896	TCTTTTAGAATACTAATTCGAATGGAGTTGAATAGGCCTGGGAGATGAATCAGAAACGACCAAATTTATAACTCTATTGTTACTGGACATGCATTTTTAATAATCTTTTTCATGGTCATACCATTCATAATTGGGGGTTTTGGAAATTTTCTAATCCCTCTAATGCTTGGGTCTCCCGATATAGCCTTTCCTCGAATGAATAACATCAGATTTTGGCTTCTACCTCCAGCATTAATGTTGTTATTGTTTAGTAACTTTTTCTTCCCAGGGTCAGGGACAGGATGGACTGTGTACCCCCCTCTTTCGTCCTACATGTACCATCCTTCTCCTTCTGTAGATTTTACAATCTTCTCTATCCACATAACTGGAATTTCATCTATTTTAGGGTCACTAAATTTCATTGTAACAATTTTTATAATGAAAAACTTATCCTTGAACTACGATCAAATTGGGCTTTTCTCATGATCTATTTCAGTGACTGTAATTTTGTTGATTATCTCTCTACCCGTGCTGGCTGGGGCAATTACTATGCTCTTGTTCGATCGAAACTTTAATACCTCATTTTTTGATCCTATAGGGGGAGGTGATCCTATCTTGTACCAACATCTATTCTGATTTTTTGGACAT	627
GBAH14845-19	Tetragonula_hockingsi	COI-5P	JX305119	TTAGTTCCATTAATATTAGGTTCACCGGATATAGCATTTCCACGAATAAATAATATTAGATTTTGATTATTACCTCCATCATTATTTTTATTATTATTTAATAATATATTATATCCAAATACAGGAACTGGATGAACTTTATATCCTCCATTATCATTATATATATATCATTCATCACCTTCTGTTGATTTTTCAATTTTTTCAATTCATATAACAGGAATTTCTTCAATTTTAGGATCATTAAATTTTATTGTTACAATTTTTTTAATAAAAAATTTTTCATTAAATTATGATCAAATTAATTTATTTTCACGGTCAATTTCAATTACTG	331
GBAHF5958-19	Tetramorium_caespitum	COI-5P	MF134055	CCCCCCCCTAGCATCTAATGTCTTTCACAGAGGAGCATCAATTGATCTATCAATTTTTTCTCTTCATATTGCCGGAATATCTTCTATTATAGGAGCAATTAATTTTATTGCTACTATTATAAACATACACCATAAAAAATTAACCTTAGATAAGATCCCCTTATTAGTTTGATCTATTTTAATCACAGCAATTTTATTACTTTTATCCCTCCCTGTTTTAGCCGGAGCTATTACCATACTTCTAACAGATCGTAATTTAAATACCTCATTTTTTGATCCATCAGGGGGGGGAGACCCAATTCTATACCAACATTTATTTTGATTCTTTGGACACCCAGAAGTATATATTTTAATTTTACCTGGATTTGGTTTAATTTCTCATATTATTATAAATGAAAGGGGAAAAAAAGAAACATTCGGATCACTCGGAATAATTTACGCCATAATAGCTATTGGCTTCTTAGGATTTATTGTATGAGCCCATCATATATTTACAGTAGGTATAGATGTAGATACTCGGGCATATTTTACCTCAGCTACAATAATTATTGCAATTCCTACGGGAATTAAAATTTTTAGATGAATCTCAACTCTTCATGGAATAAAAATTAATTATAATCCCTGTTTATGATGAACTTTAGGATTCCTTTTTTTATTTACTTTAGGTGGATTAACTGGAATTATACTAGCTAACTCTTCCATTGATATTATTTTACATGACACATACTATGTTGTTGCACACTTTCATTATGTACTATCAATAGGAGCAGTATTTGCAATTATTGCAAGATTTATTCACTGATTTCCCTTAATAACTGGATTTAGATTAAATCCCTTTTATTTAAACATTCAATTCTTATCTATATTTGTAGGTGTAAATTTAACATTTTTCCCCCAACATTTTTTAGGATTAAGAGGAATACCACGTCGATACTCAGATTATCCTGATACTTTTTTAGCTTGAAATATAATTTCTTCAATTGGCTCTATTATTTCCATATTAAGTATTTCATTACTCATATTTTCCATTTGAGAGGCCTTCGCTTCAAAACGAAAAATCATTAATGTATTTTTCTTAAATTCTTCCTTAGAATGATTAAATATATATCCCCC	1113
GBAHF5716-19	Tetramorium_immigrans	COI-5P	MF133813	TCCCCCATTAGCATCTAATATCTTTCATAGAGGCCCATCAATTGATCTATCAATTTTTTCTCTTCATATTGCAGGAATATCTTCTATTATAGGTGCAATTAATTTTATCGCTACTATTATAAACATACATCATAAAAAATTAACCTTAGATAAAATCCCCCTGTTAGTTTGATCTATTTTAATTACAGCAATTCTTCTCCTCCTATCTCTTCCCGTATTAGCAGGAGCTATTACTATACTCTTAACAGATCGTAATTTAAATACCTCATTTTTTGATCCATCAGGTGGGGGGGACCCAATTCTATATCAACATTTATTCTGATTTTTTGGACACCCAGAAGTATATATCTTAATTTTACCAGGATTTGGTTTAATTTCCCATATTATTATAAATGAAAGAGGAAAAAAAGAAACATTTGGATCACTTGGAATAATTTATGCTATAATAGCTATTGGATTCTTAGGATTTATTGTATGAGCTCATCATATATTTACTGTAGGAATAGATGTAGATACTCGAGCATATTTTACCTCAGCTACTATAATTATTGCAATCCCCACAGGAATTAAAGTTTTTAGATGAATTTCAACCCTTCACGGAATAAAAATCAATTATAACCCCTGCTTATGATGAGCTATAGGCTTCCTTTTCTTATTTACTTTGGGAGGGTTAACCGGAATTATACTAGCCAACTCTTCCATTGATATTATCTTACATGATACATATTATGTTGTTGCACACTTTCATTATGTATTATCTATAGGGGCCGTATTTGCAATTATTGCAAGATTTATTCACTGATTTCCCCTAATAACTGGATTTAGGCTAAATCCATTTTATTTAAACGTTCAATTTTTATCTATATTTGTAGGTGTAAATTTAACATTTTTCCCCCAACATTTTTTAGGATTAAGAGGAATGCCACGTCGGTACTCAGATTACCCAGATTCTTTTTTAGCATGAAACATAATTTCTTCAATTGGCTCTATTATTTCCATATTAAGTATTTCATTACTTATATTTGCTATTTGAGAAGCCTTAGCTGCAAAACGAAAAATTATTAATGTATTTTTCTTAAATTCCTCCTTAGAATGATTAAATATATACCCCCC	1113
GBAH0091-06	Torymus_beneficus	COI-5P	AB070496	---------------------------------------------------------------------------------------------------------------------------------------------------------------------------------------------------------------------------------------------------------------------------------------------AATAATATAAGATTTTGATTATTACCTCCTAGAATTATATTATTAATTTCTAGGATATTTGTTGGATCTGGGACTGGAACAGGTTGAACAGTTTATCCTCCTTTATCTGGTAATCTATCACATGGTGGTCCATCAGTTGATTTGTCAATTTTTTCTCTTCATGTAGCAGGATTATCATCAATTATAGGGTCAATTAATTTTATTACTACTATTTTAAATATAAAATTGTTTAAT------TTAGAAATTATTCCTTTATTTAGTTGAGCTATATTATTAACTGCTATTTTATTACTGTTATCATTACCTGTTTTAGCAGGAGCTATTACTATATTATTATTTGATCGAAATTTGAATACTTCATTTTTTGACCCTTCAGGGGGTGGTGATCCAATTTTATATCAACATTTATTTTGATTTTTTGGCCATCCTGAAGTTTATATTTTAATTTTACCTGGATTTGGTTTAGTTTCTCATATTATTTGTAATGAGAGATTAAAAAAAGAAGTTTTTGGTATTATAGGGATAATTTATGCTATAATTGCTATTGGAATTTTAGGATTTATTGTTTGAGCTCATCATATATTTACTGTTGGTATAGATGTAGATACTCGAG-----------------------------------------------------------------------------------------------------------------------------------------------------------------------------------------------------------------------------------------------------------------------------------------------------------------------------------------------------------------------------------------------------------------------------------------------------------------------------------------------------------------------------------------------------------------------------------------------------------------------	610
GBMIN78583-17	Torymus_sinensis	COI-5P	LM651395	CCTTTATTTTTAGGGGTTCCTGATATAGCCTTCCCTCGTATAAATAATATGAGATTTTGATTATTACCTCCTAGAATTATATTATTAATTTCTAGAATATTTGTTGGGTCAGGAACTGGTACAGGTTGGACTGTTTATCCACCTTTATCTGGTAATTTATCTCATGGTGGCCCTTCAGTTGATTTATCAATTTTTTCTCTTCATGTAGCAGGTTTGTCATCAATTATAGGATCTATTAATTTTATTACTACTATTTTAAATATAAAATTGTTTAATTTAGAAATCATTCCTTTATTTAGTTGAGCTATATTATTAACTGCTATTTTATTATTATTATCATTACCTGTTTTAGCAGGCGCTATTACTATATTATTATTTGATCGAAATTTGAATACTTCATTTTTTGATCCTTCGGGGGGTGGTGATCCAATTTTATATCAGCATTTATTTTGATTTTTTGGACATCCTGAAGTTTATATTTTAATTTTACCTGGATTTGGTTTGGTTTCTCATATTATTTGTAATGAAAGATTAAAAAAAGAAGTTTTCGGTATTATAGGGATAATTTATGCAATAATTGCTATTGGAATTTTAGGATTTATTGTTTGAGCTCATCATATATTTACTGTTGGAATAGATGTTGATACTCGAGCTTATTTTACTTCAGCTACAATAATTATTGCTGTTCCTA	691
NCCC510-11	Trichogramma_platneri	COI-5P	KR793007	TATTTTGTATTTTATTTTTGGGATATGAGCAGGAATTATTGGTTTATCAATAAGAATAATTATTCGTTTAGAGTTAGGG---AATCCTGGATCTTTAATTGGAAACGATCAAATTTATAATTCTATTGTTACTAGTCATGCTTTTTTAATAATTTTTTTCTTTGTTATACCTGTAATAATAGGAGGATTTGGGAATTATTTAATTCCTTTAATATTAGGTAGGCCTGATATAGCATTTCCTCGAATAAATAATATAAGGTTTTGATTGTTACCTCCAAGATTAATATTATTATTATCAAGAATATTTATTGGAACAGGTACGGGTACAGGTTGAACAGTTTATCCTCCTTTATCTTCAAATTTATCTCATAGAGGCCCTTCAGTGGATTTATCTATTTTTTCTTTACATATTGCTGGGGTTTCTTCTATTATAGGATCAATTAATTTTATTACTACAATTTTGAATATAAAAATTTACAAAATT---------GAATTAATTTCTTTATTTTCTTGAGCAATGTTATTAACAGCTATTTTATTATTATTATCTTTACCAGTTTTAGCAGGAGCTATTACTATATTATTATTT---------GATCGAAATTTAAATACTTCATTTTTTGATCCTTCTGGTGGTGGGGATCCTATTTTATACCAACATTTATTT---	652
